 










	
	
<!DOCTYPE HTML PUBLIC "-//W3C//DTD HTML 4.01 Transitional//EN" "http://www.w3.org/TR/html4/loose.dtd">
<html lang="en-US" xml:lang="en-US">
<head>
<meta http-equiv="content-type" content="text/html; charset=UTF-8"/>
<meta name="Language" content="en-US"/>
<meta name="ROBOTS" content="INDEX,FOLLOW"/>

<title>How to activate Java in the browser</title>

	<meta name="description" content="Describes Internet Explore ActiveX control blocking, Chrome and Firefox Click to Play to activate plug-ins"/>
	<meta name="keywords" content="click-to-play, add-ons, addons, plugin, run plugins, activexcontrol, block"/>
<meta name="date" content="2018-10-11"/>




	
		
					<meta name='oracle:Browser' content='Internet Explorer,Safari,Firefox'/>
				




	
		
					<meta name='oracle:OS' content='Windows Vista,Windows 8,Windows 7,macOS,Windows 10'/>
				

		<meta name="oracle:articleType" content='help'/>		
	
		<link rel="stylesheet" media="all" type="text/css" href="/ga/css/oldcss.css" />
	
		<script type="text/javascript" src="/ga/js/popUp.js"></script>
	 


<link rel="stylesheet" href="/ga/css/screen.css" type="text/css" media="screen" charset="utf-8"/>
<link rel="stylesheet" href="/ga/css/print.css" type="text/css" media="print" charset="utf-8"/>
	<script async="async" type="text/javascript" src='//consent.trustarc.com/notice?domain=oracle.com&c=teconsent&js=bb&noticeType=bb&text=true&gtm=1&language=en' crossorigin=""></script>
	
	<style type="text/css">
  		#teconsent a {
  			text-decoration: underline;
  		}
  
  		#teconsent a:hover {
  			text-decoration: none;
  		}
	</style>
	
	<script async src="https://dyn-beacon.akamaized.net/js/dyn.beacon.v4.js" id="beaconcfg" data-id='0138'></script>
	
</head>




	 
	






	










	

 







	 
	




<body>
	<a name="top"></a>
	

			
		
 
		
			
			
			
		 









	
		
			
				
			  	
				
					
				
			
		
		
		
			
			
			
	<!-- BEGIN: jWidget_C/Header/Display -->
	
	
	
	
		 
		 
	
	
		
	
	<div class="jvh0">
		<a class="jvl0" href="/en/" title="java.com">Java.com</a>
<p>
<a href="/inc/BrowserRedirect1.jsp?locale=en">Download</a>
<a href="/en/download/help/">Help</a>
</p>

<form name="searchForm" method="get" action="https://www.oracle.com/search/results" accept-charset="utf-8" class="jvs0 jv0sv0" onsubmit="if((document.searchForm.Ntt.value == document.searchForm.Ntt.defaultValue) || (document.searchForm.Ntt.value == '')){return false;}">
<input type="hidden" name="cat" value="javacom">
<input type="hidden" name="Ntk" value="SI-ALL5">
<input type="hidden" name="lang" value="en">
<input class="bodytext" maxlength="55" name="Ntt" onfocus="if( this.value==this.defaultValue ) this.value='';" onblur="if( this.value=='' ) this.value=this.defaultValue;" size="20" title="Search" type="text" value="Search" />
<input alt="Search" id="searchbtn" name="submit" src="/ga/images/jv0_search_btn.gif" type="image" />
</form>
	</div>
	<!-- END: jWidget_C/Header/Display -->

				
	
	





	
			
	

	
	
	
	
	
	
	
	

	
	<div class="jvc0 jvc0v0 clearfix">
		
	<div class="jvc0w1 clearfix">
	    <div style="float: right;"> 
        	<a title='Printable Version' href="?printFriendly=true" 
           target="printFriendlyView" onclick="openPopup('','printFriendlyView',800,650,'no',1,1,0,0,0,0); return true;"> 
           <img src="/ga/im/printer.png" width="15" height="14" alt='Printable Version' class="pfv"> </a> 
    	</div> 		
	
		
	<div class="jvc0w2">	
	<h3><b>
        How can I run or activate Java in the browser?
    </b></h3>
	
		
	
	
	

	

	
		<hr />
		This article applies to:
		<ul>
			
				
					<li><b>Platform(s): </b>Windows 10, Windows 7, Windows 8, Windows Vista, macOS
					</li>
				
			
			
				
					<li><b>Browser(s) </b>Firefox, Internet Explorer, Safari
					</li>
				
			 
			
				
				
		</ul>
		<hr />
	
	
		
	
	
		
		
		
		
		
		
		
		
		
		
		
			
				<span class="bodytext">
			
		
				
		
			
		










<h4 class="sub">Internet Explorer - Out-of-date ActiveX control blocking</h4>




			
		
			
				</span>
			
		
	
		
		
		
		
		
		
		
		
		
		
		
			
				<span class="bodytext">
			
		
				
		
			
		











<!-- BEGIN: jWidget_C/Raw-HTML/Display -->
 



	 
	 

<p>
Internet Explorer (IE) has a new security feature, called <b>ActiveX control blocking</b>, to keep ActiveX controls, such as Java, up-to-date. This feature will prevent the app or web page from loading, if it finds that Java is out-of-date and will provide the option to update Java.
</p>

<h5 class="sub">Java(TM) was blocked because it is out of date</h5>
When the ActiveX control blocks an older Java version, you'll see:
<ul>
<li>In Internet Explorer: a notification bar, similar to <b>Java(TM) was blocked because it is out of date and needs to be updated</b>
and options to <b>Update</b> or <b>Run this time</b></li>
<li>Outside IE: an Internet Explorer Security dialog, <b>A website wants to open web content using an outdated program on your computer</b> and options to <b>Allow</b> or <b>Don't Allow</b> running the application, as well to <b>Update</b> the old version.</li>
</ul>

<h5 class="sub">Update Java</h5>
<p>It is recommended you update Java before allowing the app to run. Click <b>Update</b> and download the latest Java version. If you don't trust the site or prompt, you can visit the <a href="/">java.com</a> web site to get the latest version.</p>

The out-of-date ActiveX control blocking applies to:
<ul><li>Windows 7 SP1 Internet Explorer 8 through Internet Explorer 11</li>
<li>Windows 8 Internet Explorer for the desktop</li>
</ul> 
» <a href="http://blogs.msdn.com/b/ie/archive/2014/08/06/internet-explorer-begins-blocking-out-of-date-activex-controls.aspx">ActiveX control blocking</a> (Microsoft blog)<br/><br/>

<!-- END: jWidget_C/Raw-HTML/Display -->





			
		
			
				</span>
			
		
	
		
		
		
		
		
		
		
		
		
		
		
			
		
				
		
			
		










<!-- no bodytext --><hr/>




			
		
			
		
	
		
		
		
		
		
		
		
		
		
		
		
			
				<span class="bodytext">
			
		
				
		
			
		










<div class="alertPanel">
<img src="/ga/images/alert_16.png"/>
<div class="alertPaneltext">
<p>Firefox no longer offers a version which supports NPAPI, the technology required to run Java applets. <a href="/en/download/faq/firefox_java.xml">More info</a></p>
</div>
</div><br/>
<h4 class="sub">Firefox - Activate Java plug-in (Firefox 52 ESR and below)</h4>
<p>
Firefox implemented a new <b>Click to Play</b> security feature that protects against attacks, targeting plug-ins that are known to be vulnerable. This feature prevents applets from automatically loading and allows users to control what content they want to run or avoid.
</p>
<ul>
<li>If you try to run a Java applet using a Java plug-in version that is identified as vulnerable, Firefox will prevent the applet from automatically loading and alert you that the plug-in is vulnerable.</li> 

<li> If an update is available, Firefox will provide the option to 
update or activate the plug-in. We recommend checking for updates before activating the plug-in.</li>

<li>Additionally, Firefox provides an option to block or automatically activate the plug-in on a per-site basis.</li>
</ul>
<p>
» <a href="http://support.mozilla.org/en/kb/why-do-i-have-click-activate-plugins">Click to Play on Firefox</a> (mozilla.org)
</p>




			
		
			
				</span>
			
		
	
		
		
		
		
		
		
		
		
		
		
		
			
		
				
		
			
		










<!-- no bodytext --><hr/>




			
		
			
		
	
		
		
		
		
		
		
		
		
		
		
		
			
				<span class="bodytext">
			
		
				
		
			
		










<h4 class="sub">Chrome</h4>
<div class="alertPanel">
<img src="/ga/images/alert_16.png"/>
<div class="alertPaneltext">
<p>Starting with Chrome version 42, Chrome has disabled the standard way in which browsers support plugins. <a href="/en/download/faq/chrome.xml">More info</a></p>
</div>
</div><br/>




			
		
			
				</span>
			
		
	
		
		
		
		
		
		
		
		
		
		
		
			
		
				
		
			
		










<!-- no bodytext --><hr/>




			
		
			
		
	
		
		
		
		
		
		
		
		
		
		
		
			
				<span class="bodytext">
			
		
				
		
			
		










<h4 class="sub"><a name="safari">Safari</a></h4>
<p>Safari allows you to configure Plugin behavior in the browser on a website basis.  Please note Apple has removed NPAPI plugin support in its Safari browser version 12, and therefore Java Plugin cannot be enabled in Safari browser version 12 and above.<br /> » <a href="/en/download/faq/safari.xml">Learn More</a></p>

<!-- BEGIN: jWidget_C/Raw-HTML/Display -->
 



	 
	 

<h6 class="sub">Safari Help</h6>
<p>
&#187; <a href="https://support.apple.com/en-us/HT202819">Safari 6.1 and later plug-in information</a> (support.apple.com)<br />
&#187; <a href="http://help.apple.com/safari/mac/8.0/#/sfri43593">Safari 8 plug-in info</a> (help.apple.com)<br />
&#187; <a href="http://help.apple.com/safari/mac/9.0/#/sfri43593">Safari 9 plug-in info</a> (help.apple.com)<br />
</p>
<br />
<!-- END: jWidget_C/Raw-HTML/Display -->





			
		
			
				</span>
			
		
	
	

	 
	
		
	
	
	 	
	
	</div><!-- /jvc0w2  -->
	</div><!-- /jvc0w1 clearfix -->
		
	
	
		
		<div class="jvcs0 clearfix">
	
		
		
		
		
			 
			 
		
	
		<div class="spsidebar">	
		<div class="spheader"><a href='/en/download/help/index.xml'>Help Resources</a></div>
		<ul>
		
		
			
	      		
	   		
		        
				
				
				
					 
					 
				
				
								
				
				
					
						
						
							<li><a href="/en/download/help/index_installing.xml">Installing Java</a></li>
						
					
				
			
		        
				
				
				
					 
					 
				
				
								
				
				
					
						
						
							<li id="olderVersions"><a href="/en/download/faq/remove_olderversions.xml">Remove Older Versions</a></li>
						
										
				
			
		        
				
				
				
					 
					 
				
				
								
				
				
					
						
						
							<li><a href="/en/download/help/disable_browser.xml">Disable Java</a></li>
						
					
				
			
		        
				
				
				
					 
					 
				
				
								
				
				
					
						
							<li><a href="/en/download/help/index_using.xml"><b>Using Java</b></a></li>
						
						
					
				
			
		        
				
				
				
					 
					 
				
				
								
				
				
					
						
						
							<li><a href="/en/download/faq/index_general.xml">General Questions</a></li>
						
					
				
			
		        
				
				
				
					 
					 
				
				
								
				
				
					
						
						
							<li><a href="/en/download/faq/index_mobile.xml">Mobile Java</a></li>
						
					
				
			
		        
				
				
				
					 
					 
				
				
								
				
				
					
						
						
							<li><a href="/en/security/">Security</a></li>
						
					
				
			
		        
				
				
				
					 
					 
				
				
								
				
				
					
						
						
							<li><a href="/en/download/support.jsp">Support Options</a></li>
						
					
				
				
			
				
					
		</ul>
		</div>
		<br>
		
	
			
		
			
				
					
					
									
				 









	
		
			
				
			  	
				
					
				
			
		
		
		
			
			
			
<!-- BEGIN: jWidget_C/Raw-HTML/Display -->
 



	 
	 

<a href="http://www.prestoexperts.com/lp/java-help-3/?BanID=22489" target="_top">
	
	
	
		
		
	
	
	
	
	
	
	
	

	 

	


	<img src="/ga/images/liveperson_banner170x134.jpg" alt="Find expert help on Java installation and setup"  width="170"  height="134" />
	
</a>
<br />

<!-- END: jWidget_C/Raw-HTML/Display -->

				
	
	





			
		
		
		
			
		
			
	
		</div><!--  /jvcs0 clearfix -->
		</div><!-- /jvc0 -->
		
	
	
		
		
			
	 









	
		
			
				
			  	
				
					
				
			
		
		
		
			
			
			
	<!-- BEGIN: jWidget_C/Footer/Display -->
	
	
	
	
		 
		 
	
	<div class="jvf0">
		<div class="jvf0">

<p>
<a href="/en/selectlanguage.jsp" title="Select Language">Select Language</a>
| <a href="/en/about/" title="About Java">About Java</a>
| <a href="/en/download/support.jsp" title="Support">Support</a>
| <a href="/en/download/faq/develop.xml" title="Developers">Developers</a>
| <a href="https://ora-java.custhelp.com/ci/documents/detail/5/2142/12/dc6484bd4764542e486ad251ccb32be5f2e9be23" onclick="return popFeedback('https://ora-java.custhelp.com/ci/documents/detail/5/2142/12/dc6484bd4764542e486ad251ccb32be5f2e9be23');" id="feedback-link" title="Feedback">Feedback</a>
<br />
  <a href="https://www.oracle.com/html/privacy.html" title="Privacy">Privacy</a> 
|&nbsp;<a><span id='teconsent'></span></a>&nbsp;
| <a href="https://www.oracle.com/html/terms.html" title="Terms of Use">Terms of Use</a>
| <a href="https://www.oracle.com/html/3party.html" title="Trademarks">Trademarks</a>
| <a href="/en/about/disclaimer.jsp" title="Disclaimer">Disclaimer</a>
</p>
<a href="https://www.oracle.com/" class="jvsun0">Oracle</a>
</div>

	</div>
	<!-- END: jWidget_C/Footer/Display -->

				
	
	





	
	
	
		
			<!--[if gte IE 6]><!-->
			<script src="/ga/js/global.js" type="text/javascript" charset="utf-8"></script>
			<!-- <![endif]-->
			
			
		
	
	
	
		
		
			
				
			
			
		
		<script language="JavaScript">
		<!--
			var s_channel="javac:Support:Help";
			var s_pageName="javac:Support:Help:browser_activate_plugin.xml";
			var s_prop19="en_javac:Support:Help:browser_activate_plugin.xml";
			var s_charSet="UTF-8";
		//-->
		</script>
		<script language="JavaScript" src="/ga/js/s_code_remote.js"></script>
		<script>
			userAgent = navigator.userAgent;
			userAgent = userAgent == null ? "" : userAgent.toLowerCase();
			
			if (userAgent.indexOf('mac') != -1){
				document.getElementById("olderVersions").style.display = "none"
			}
		</script>
	
		
	
</body>
</html>


