 










	
	
<!DOCTYPE HTML PUBLIC "-//W3C//DTD HTML 4.01 Transitional//EN" "http://www.w3.org/TR/html4/loose.dtd">
<html lang="en-US" xml:lang="en-US">
<head>
<meta http-equiv="content-type" content="text/html; charset=UTF-8"/>
<meta name="Language" content="en-US"/>
<meta name="ROBOTS" content="INDEX,FOLLOW"/>

<title>Anti-Virus tool has detected a virus. Is it related to Java?</title>

	<meta name="description" content="Learn how to repair your system if you have detected a malicious applet (virus) in the Java Runtime Environment (JRE) cache directory."/>
	<meta name="keywords" content="trojan horse, worm, javainstaller.jar, menu.jar, archive.jar, classload.jar, 285.jar, count4.jar, loaderdmitriy.jar, W32/Trojan3.UJ, McAfee, Antivirus, CVE, symantec, Windows Defender"/>
<meta name="date" content="2016-04-07"/>




	
		
					<meta name='oracle:JRE' content='7.0,8.0'/>
				




	
		
					<meta name='oracle:OS' content='Vista,Windows XP,Windows 8,Windows 7,Windows 10'/>
				

		<meta name="oracle:articleType" content='help'/>		
	
		<link rel="stylesheet" media="all" type="text/css" href="/ga/css/oldcss.css" />
	
		<script type="text/javascript" src="/ga/js/popUp.js"></script>
	 


<link rel="stylesheet" href="/ga/css/screen.css" type="text/css" media="screen" charset="utf-8"/>
<link rel="stylesheet" href="/ga/css/print.css" type="text/css" media="print" charset="utf-8"/>
	<script async="async" type="text/javascript" src='//consent.trustarc.com/notice?domain=oracle.com&c=teconsent&js=bb&noticeType=bb&text=true&gtm=1&language=en' crossorigin=""></script>
	
	<style type="text/css">
  		#teconsent a {
  			text-decoration: underline;
  		}
  
  		#teconsent a:hover {
  			text-decoration: none;
  		}
	</style>
	
	<script async src="https://dyn-beacon.akamaized.net/js/dyn.beacon.v4.js" id="beaconcfg" data-id='0138'></script>
	
</head>




	 
	






	










	

 







	 
	




<body>
	<a name="top"></a>
	

			
		
 
		
			
			
			
		 









	
		
			
				
			  	
				
					
				
			
		
		
		
			
			
			
	<!-- BEGIN: jWidget_C/Header/Display -->
	
	
	
	
		 
		 
	
	
		
	
	<div class="jvh0">
		<a class="jvl0" href="/en/" title="java.com">Java.com</a>
<p>
<a href="/inc/BrowserRedirect1.jsp?locale=en">Download</a>
<a href="/en/download/help/">Help</a>
</p>

<form name="searchForm" method="get" action="https://www.oracle.com/search/results" accept-charset="utf-8" class="jvs0 jv0sv0" onsubmit="if((document.searchForm.Ntt.value == document.searchForm.Ntt.defaultValue) || (document.searchForm.Ntt.value == '')){return false;}">
<input type="hidden" name="cat" value="javacom">
<input type="hidden" name="Ntk" value="SI-ALL5">
<input type="hidden" name="lang" value="en">
<input class="bodytext" maxlength="55" name="Ntt" onfocus="if( this.value==this.defaultValue ) this.value='';" onblur="if( this.value=='' ) this.value=this.defaultValue;" size="20" title="Search" type="text" value="Search" />
<input alt="Search" id="searchbtn" name="submit" src="/ga/images/jv0_search_btn.gif" type="image" />
</form>
	</div>
	<!-- END: jWidget_C/Header/Display -->

				
	
	





	
			
	

	
	
	
	
	
	
	
	

	
	<div class="jvc0 jvc0v0 clearfix">
		
	<div class="jvc0w1 clearfix">
	    <div style="float: right;"> 
        	<a title='Printable Version' href="?printFriendly=true" 
           target="printFriendlyView" onclick="openPopup('','printFriendlyView',800,650,'no',1,1,0,0,0,0); return true;"> 
           <img src="/ga/im/printer.png" width="15" height="14" alt='Printable Version' class="pfv"> </a> 
    	</div> 		
	
		
	<div class="jvc0w2">	
	<h3><b>
        Anti-Virus checker/scanner has detected a virus. Is it related to Java?
    </b></h3>
	
		
	
	
	

	

	
		<hr />
		This article applies to:
		<ul>
			
				
					<li><b>Platform(s): </b>Windows 8, Windows 7, Vista, Windows XP, Windows 10
					</li>
				
			
			
				
			 
			
				
					<li><b>Java version(s): </b>7.0, 8.0
					</li>
				
				
		</ul>
		<hr />
	
	
		
	
	
		
		
		
		
		
		
		
		
		
		
		
			
		
				
		
			
		










<!-- no bodytext --><span class="titleblack">SYMPTOMS</span><br><br>




			
		
			
		
	
		
		
		
		
		
		
		
		
		
		
		
			
				<span class="bodytext">
			
		
				
		
			
		










Malicious applets have been discovered in the Java cache directory. Anti-virus programs have detected such malicious applets in the following directory:<br/>
<b>C:\Documents and Settings\&lt;username&gt;\Application Data\<span class="helpred">Sun\Java\Deployment\</span>cache</b><br/>
<br/>




			
		
			
				</span>
			
		
	
		
		
		
		
		
		
		
		
		
		
		
			
		
				
		
			
		










<!-- no bodytext --><hr/><span class="titleblack">CAUSE</span><br><br>




			
		
			
		
	
		
		
		
		
		
		
		
		
		
		
		
			
				<span class="bodytext">
			
		
				
		
			
		










Viruses found in this cache directory are not associated with Java that you downloaded and installed from Oracle. A cache directory is a a temporary storage location. When the browser runs an applet or application, Java stores files into its cache directory for better performance.<br/> Some examples of the virus reported in the cache directory:<br/>
<ul>
<li>Exploit:java/cvi virus </li>
<li>Exploit:Java/CVE-2010-0840 </li>
<li>Exploit.java.cve-2013-1493</li>
<li>CVE-2010-0840</li>
<li>Trojan.ByteVerify</li>
<li>Pdfjsc.CR</li>
<li>Uutecwv.class</li>
<li>Hieeyfc.class</li>
</ul>





			
		
			
				</span>
			
		
	
		
		
		
		
		
		
		
		
		
		
		
			
		
				
		
			
		










<!-- no bodytext --><hr/><span class="titleblack">SOLUTION</span><br><br>




			
		
			
		
	
		
		
		
		
		
		
		
		
		
		
		
			
				<span class="bodytext">
			
		
				
		
			
		










If you find one of these malicious applets on your computer, please use an anti-virus program to delete the applet and you can also clean the cache directory manually.<br/>
<br/>
Remove these malicious applets from the Java cache directory by deleting Temporary Internet Files through the Java Control Panel.
<br/><br/>




			
		
			
				</span>
			
		
	
		
		
		
		
		
		
		
		
		
		
		
			
				<span class="bodytext">
			
		
				
		
			
		










 









	
		
			
				
			  	
				
					
				
			
		
		
		
			
			
			
<!-- BEGIN: jWidget_C/Raw-HTML/Display -->
 



	 
	 

<h4 class="sub">Find the Java Control Panel</h4>
<p>
» <a href="/en/download/help/win_controlpanel.xml">Windows</a><br/>
» <a href="/en/download/help/mac_controlpanel.xml">Mac OS X</a> 
</p>

<!-- END: jWidget_C/Raw-HTML/Display -->

				
	
	









			
		
			
				</span>
			
		
	
		
		
		
		
		
		
		
		
		
		
		
			
				<span class="bodytext">
			
		
				
		
			
		










 









	
		
			
				
			  	
				
					
				
			
		
		
		
			
			
			
<!-- BEGIN: jWidget_C/Raw-HTML/Display -->
 



	 
	 

<h4>Delete Temporary Files through the Java Control Panel</h4>
<ol>
<li>In the Java Control Panel, under the <b>General</b> tab, click <b>Settings</b> under the  Temporary Internet Files section.<br/>
The <b>Temporary Files Settings</b> dialog box appears. <br/><br/>
<img alt="Temporary Files Settings dialog box" class="ctralign" src="/ga/images/en/plugin_cache2.jpg"/>
</li>
<li>Click <b>Delete Files</b> on the Temporary Files Settings dialog.<br/>
The <b>Delete Files and Applications</b> dialog box appears.<br/><br/>
<img alt="Delete Temporary Files dialog box" class="ctralign" src="/ga/images/en/plugin_cache3.jpg"/>
</li>
<li>Click <b>OK</b> on the <b>Delete Files and Applications</b> dialog. This deletes all the Downloaded Applications and Applets from the cache.
</li>
<li>Click <b>OK</b> on the <b>Temporary Files Settings</b> dialog. If you want to delete a specific application and applet from the cache, click on View Application and View Applet options respectively.
</li>
</ol>

<!-- END: jWidget_C/Raw-HTML/Display -->

				
	
	









			
		
			
				</span>
			
		
	
	

	 
	
		
	
	
		<hr>
		<p><b>You might also be interested in:</b></p>
		<ul class="bluearrows">
			
		        
		        
		         
				<li>
					



	
	
	
		
		
	<!--  Begin /jArticle_C/Render-Link.jsp -->
	
	
	
    
	
	
	
		 
		 
	
	<a href='/en/download/help/virus.xml'>Can Java downloads be infected with a virus?</a>
	<!--  End /jArticle_C/Render-Link.jsp -->

	
	
	

				</li>
			
		        
		        
		         
				<li>
					



	
	
	
		
		
	<!--  Begin /jArticle_C/Render-Link.jsp -->
	
	
	
    
	
	
	
		 
		 
	
	<a href='/en/download/faq/adware_spyware.xml'>Do you have Adware or Spyware on your computer?</a>
	<!--  End /jArticle_C/Render-Link.jsp -->

	
	
	

				</li>
				
		</ul>
		<br/><br/>
	
	 	
	
	</div><!-- /jvc0w2  -->
	</div><!-- /jvc0w1 clearfix -->
		
	
	
		
		<div class="jvcs0 clearfix">
	
		
		
		
		
			 
			 
		
	
		<div class="spsidebar">	
		<div class="spheader"><a href='/en/download/help/index.xml'>Help Resources</a></div>
		<ul>
		
		
			
	      		
	   		
		        
				
				
				
					 
					 
				
				
								
				
				
					
						
						
							<li><a href="/en/download/help/index_installing.xml">Installing Java</a></li>
						
					
				
			
		        
				
				
				
					 
					 
				
				
								
				
				
					
						
						
							<li id="olderVersions"><a href="/en/download/faq/remove_olderversions.xml">Remove Older Versions</a></li>
						
										
				
			
		        
				
				
				
					 
					 
				
				
								
				
				
					
						
						
							<li><a href="/en/download/help/disable_browser.xml">Disable Java</a></li>
						
					
				
			
		        
				
				
				
					 
					 
				
				
								
				
				
					
						
							<li><a href="/en/download/help/index_using.xml"><b>Using Java</b></a></li>
						
						
					
				
			
		        
				
				
				
					 
					 
				
				
								
				
				
					
						
						
							<li><a href="/en/download/faq/index_general.xml">General Questions</a></li>
						
					
				
			
		        
				
				
				
					 
					 
				
				
								
				
				
					
						
						
							<li><a href="/en/download/faq/index_mobile.xml">Mobile Java</a></li>
						
					
				
			
		        
				
				
				
					 
					 
				
				
								
				
				
					
						
						
							<li><a href="/en/security/">Security</a></li>
						
					
				
			
		        
				
				
				
					 
					 
				
				
								
				
				
					
						
						
							<li><a href="/en/download/support.jsp">Support Options</a></li>
						
					
				
				
			
				
					
		</ul>
		</div>
		<br>
		
	
			
		
			
				
					
					
									
				 









	
		
			
				
			  	
				
					
				
			
		
		
		
			
			
			
<!-- BEGIN: jWidget_C/Raw-HTML/Display -->
 



	 
	 

<a href="http://www.prestoexperts.com/lp/java-help-3/?BanID=22489" target="_top">
	
	
	
		
		
	
	
	
	
	
	
	
	

	 

	


	<img src="/ga/images/liveperson_banner170x134.jpg" alt="Find expert help on Java installation and setup"  width="170"  height="134" />
	
</a>
<br />

<!-- END: jWidget_C/Raw-HTML/Display -->

				
	
	





			
		
		
		
			
		
			
	
		</div><!--  /jvcs0 clearfix -->
		</div><!-- /jvc0 -->
		
	
	
		
		
			
	 









	
		
			
				
			  	
				
					
				
			
		
		
		
			
			
			
	<!-- BEGIN: jWidget_C/Footer/Display -->
	
	
	
	
		 
		 
	
	<div class="jvf0">
		<div class="jvf0">

<p>
<a href="/en/selectlanguage.jsp" title="Select Language">Select Language</a>
| <a href="/en/about/" title="About Java">About Java</a>
| <a href="/en/download/support.jsp" title="Support">Support</a>
| <a href="/en/download/faq/develop.xml" title="Developers">Developers</a>
| <a href="https://ora-java.custhelp.com/ci/documents/detail/5/2142/12/dc6484bd4764542e486ad251ccb32be5f2e9be23" onclick="return popFeedback('https://ora-java.custhelp.com/ci/documents/detail/5/2142/12/dc6484bd4764542e486ad251ccb32be5f2e9be23');" id="feedback-link" title="Feedback">Feedback</a>
<br />
  <a href="https://www.oracle.com/html/privacy.html" title="Privacy">Privacy</a> 
|&nbsp;<a><span id='teconsent'></span></a>&nbsp;
| <a href="https://www.oracle.com/html/terms.html" title="Terms of Use">Terms of Use</a>
| <a href="https://www.oracle.com/html/3party.html" title="Trademarks">Trademarks</a>
| <a href="/en/about/disclaimer.jsp" title="Disclaimer">Disclaimer</a>
</p>
<a href="https://www.oracle.com/" class="jvsun0">Oracle</a>
</div>

	</div>
	<!-- END: jWidget_C/Footer/Display -->

				
	
	





	
	
	
		
			<!--[if gte IE 6]><!-->
			<script src="/ga/js/global.js" type="text/javascript" charset="utf-8"></script>
			<!-- <![endif]-->
			
			
		
	
	
	
		
		
			
				
			
			
		
		<script language="JavaScript">
		<!--
			var s_channel="javac:Support:Help";
			var s_pageName="javac:Support:Help:cache_virus.xml";
			var s_prop19="en_javac:Support:Help:cache_virus.xml";
			var s_charSet="UTF-8";
		//-->
		</script>
		<script language="JavaScript" src="/ga/js/s_code_remote.js"></script>
		<script>
			userAgent = navigator.userAgent;
			userAgent = userAgent == null ? "" : userAgent.toLowerCase();
			
			if (userAgent.indexOf('mac') != -1){
				document.getElementById("olderVersions").style.display = "none"
			}
		</script>
	
		
	
</body>
</html>


