<!DOCTYPE HTML PUBLIC "-//W3C//DTD HTML 4.01 Transitional//EN" "http://www.w3.org/TR/html4/loose.dtd">
<html lang="en-US" xml:lang="en-US">
	<head>
		<meta http-equiv="content-type" content="text/html; charset=UTF-8"/>
		<meta http-equiv="content-language" content="en-US">
		<title>Not found</title>
		<link rel="stylesheet" href="/ga/css/screen.css" type="text/css" media="screen" charset="utf-8" />
		<link rel="stylesheet" href="/ga/css/print.css" type="text/css" media="print" charset="utf-8" />
		<style>
			body,html{
				padding:0;
				margin:0;
				background:#fff;
				font-size:0;
				border:0;
				height:100%;
				width:100%
			}
			
			iframe{
				webkit-overflow-scrolling: touch;
				overflow: auto;
				position:absolute;
				top:0;
				bottom:0;
				left:0;
				right:0;
				width:100%;
				height:100%;
				box-sizing:border-box;
				border:0;
				border-right:#dadee0 .6px solid
			}
		</style>
		<!--[if IE]><link rel="stylesheet" href="/ga/css/ie.css" type="text/css" media="screen" charset="utf-8" /><![endif]-->
	</head>

	<body>
		<div id="notfoundpage"></div>
		<div id="defaultpage" style="display: none;">
			<link rel="stylesheet" href="/ga/css/screen.css" type="text/css" media="screen" charset="utf-8"/>
			<link rel="stylesheet" href="/ga/css/print.css" type="text/css" media="print" charset="utf-8"/> 
			<div class="jvh0">
				<a href="/" class="jvl0">Java</a>
				<!-- BEGIN Header links -->
				<p>
					<a href="http://www.java.com/inc/BrowserRedirect1.jsp">Download</a>
					<a href="http://www.java.com/help/">Help</a>
				</p>
				<!-- END Header links -->
				<form name="searchForm" method="get" action="https://www.oracle.com/search/results" accept-charset="utf-8" class="jvs0 jv0sv0" onsubmit="if((document.searchForm.Ntt.value == document.searchForm.Ntt.defaultValue) || (document.searchForm.Ntt.value == '')){return false;}">
					<input type="hidden" name="cat" value="javacom">
					<input type="hidden" name="Ntk" value="SI-ALL5">
					<input type="hidden" name="lang" value="en">
					<input class="bodytext" maxlength="55" name="Ntt" onblur="if( this.value=='' ) this.value=this.defaultValue;" onfocus="if( this.value==this.defaultValue ) this.value='';" size="20" title="Search" type="text" value="Search" />
					<input alt="Search" id="searchbtn" name="submit" src="/ga/images/jv0_search_btn.gif" type="image" />
				</form>
			</div>
			<!--  CONTENT -->
			<!--  jvc0 -->
			<div class="jvc0 jvc0v0 clearfix">
				<!--  jvc0w1 -->
				<div class="jvc0w1 clearfix">
					<div class="jvc0w2">
						<!-- body content starts here -->
						<a name="top"></a>
						<h4>Sorry!  We couldn't find the document requested.</h4>
						<p>The file that you requested could not be found on this server. If you provided the URL, please check to ensure that it is correct.</p>
						<!-- body content ends here -->
					</div>
				</div>
				<!-- /jvc0w1 -->
			</div>
			<!-- /jvc0 -->
			<!-- /CONTENT -->	
			<!--stopindex-->
			<div class="jvf0">
				<p>
					<a href="/en/selectlanguage.jsp">Select Language</a>
					| <a href="/en/about/">About Java</a>
					<br />
					<a href="http://www.oracle.com/html/privacy.html">Privacy</a>
					| <a href="http://www.oracle.com/html/terms.html">Terms of Use</a>
					| <a href="http://www.oracle.com/html/3party.html">Trademarks</a>
					| <a href="/en/about/disclaimer.jsp">Disclaimer</a>
				</p>
				<a href="http://www.oracle.com/" class="jvsun0">Oracle</a>
			</div>
		</div>
		<noscript>
			<div class="jvh0">
				<a href="/" class="jvl0">Java</a>
				<!-- BEGIN Header links -->
				<p>
					<a href="http://www.java.com/inc/BrowserRedirect1.jsp">Download</a>
					<a href="http://www.java.com/help/">Help</a>
				</p>
				<!-- END Header links -->
				<form name="searchForm" method="get" action="https://www.oracle.com/search/results" accept-charset="utf-8" class="jvs0 jv0sv0" onsubmit="if((document.searchForm.Ntt.value == document.searchForm.Ntt.defaultValue) || (document.searchForm.Ntt.value == '')){return false;}">
					<input type="hidden" name="cat" value="javacom">
					<input type="hidden" name="Ntk" value="SI-ALL5">
					<input type="hidden" name="lang" value="en">					
					<input type="text" size="20" maxlength="55" name="Ntt" class="bodytext" onfocus="if( this.value==this.defaultValue ) this.value='';" onblur="if( this.value=='' ) this.value=this.defaultValue;" value="Search" title="Search">
					<input type="image" name="submit" src="/ga/images/jv0_search_btn.gif" id="searchbtn" alt="Search"/>
				</form>
			</div>
			<!--  CONTENT -->
			<!--  jvc0 -->
			<div class="jvc0 jvc0v0 clearfix">
				<!--  jvc0w1 -->
				<div class="jvc0w1 clearfix">
					<div class="jvc0w2">
						<!-- body content starts here -->
						<a name="top"></a>
						<h4>Sorry!  We couldn't find the document requested.</h4>
						<p>The file that you requested could not be found on this server. If you provided the URL, please check to ensure that it is correct.</p>
						<!-- body content ends here -->
					</div>
				</div>
				<!-- /jvc0w1 -->
			</div>
			<!-- /jvc0 -->
			<!-- /CONTENT -->	
			<!--stopindex-->
			<div class="jvf0">
				<p>
					<a href="/en/selectlanguage.jsp">Select Language</a>
					| <a href="/en/about/">About Java</a>
					<br />
					<a href="http://www.oracle.com/html/privacy.html">Privacy</a>
					| <a href="http://www.oracle.com/html/terms.html">Terms of Use</a>
					| <a href="http://www.oracle.com/html/3party.html">Trademarks</a>
					| <a href="/en/about/disclaimer.jsp">Disclaimer</a>
				</p>
				<a href="http://www.oracle.com/" class="jvsun0">Oracle</a>
			</div>
		</noscript>
		<!-- Begin SiteCatalyst code version: G.5. -->

		<script language="JavaScript">
		<!--
		var s_pageType="errorPage"
		//--></script>
		<script language="JavaScript" src="/ga/js/s_code_remote.js"></script>

		<!-- End SiteCatalyst code version: G.5. -->
	</body>
	<script type="text/javascript" src="https://www.oracle.com/us/assets/jquery.js"></script>
	<script type="text/javascript"> 	
		var targetsrc  = '/LOCAL_DIR/404.html';
		var defaultpg = '/en/404.html';
		var white = ',de,en,es,fr,it,ja,ko,nl,pl,pt_br,ru,sv,tr,zh_cn,zh_tw,';	
		var local = (/java.com\/[^\/]+\//i.test(document.location.href)) ? document.location.href.split('java.com/')[1].split('/')[0] : document.location.pathname.split('/')[1];
		local = local.toLowerCase();
		if(white.indexOf(','+local+',') > -1){
			if(local.indexOf('_')>-1)
				local = local.split('_')[0] + '_' + local.split('_')[1].toUpperCase();
			targetsrc = targetsrc.replace(/LOCAL_DIR/,local);
		} else {
			targetsrc = defaultpg;
		}
		jQuery('#notfoundpage').load(targetsrc,function(response, status, xhr){
			if(status == "error"){
				jQuery('#notfoundpage').load(defaultpg,function(response, status, xhr){
					if(status == "error"){
						jQuery('#defaultpage').show();
						var scriptEl = document.createElement('script');
						scriptEl.setAttribute('src','/ga/js/global.js');
						scriptEl.setAttribute('type','text/javascript');
						scriptEl.setAttribute('charset','utf-8');
						jQuery('#defaultpage').append(scriptEl);
					}
				});
			} else {
				jQuery('#defaultpage').remove();
				document.title = jQuery("#notfoundpage title").text();
			}
		});
	</script> 
</html>