 










	
	
<!DOCTYPE HTML PUBLIC "-//W3C//DTD HTML 4.01 Transitional//EN" "http://www.w3.org/TR/html4/loose.dtd">
<html lang="en-US" xml:lang="en-US">
<head>
<meta http-equiv="content-type" content="text/html; charset=UTF-8"/>
<meta name="Language" content="en-US"/>
<meta name="ROBOTS" content="INDEX,FOLLOW"/>

<title>Java is not working in Internet Explorer after I just installed Java</title>

	<meta name="description" content="Tips for using Java with Internet Explorer"/>
	<meta name="keywords" content="ie, internet explorer, plugin"/>
<meta name="date" content="2015-07-27"/>




	
		
					<meta name='oracle:JRE' content='7.0,8.0'/>
				




	
		
					<meta name='oracle:Browser' content='Internet Explorer'/>
				




	
		
					<meta name='oracle:OS' content='Windows XP,Windows 8,Windows 7,Windows 10'/>
				

		<meta name="oracle:articleType" content='help'/>		
	
		<link rel="stylesheet" media="all" type="text/css" href="/ga/css/oldcss.css" />
	
		<script type="text/javascript" src="/ga/js/popUp.js"></script>
	 


<link rel="stylesheet" href="/ga/css/screen.css" type="text/css" media="screen" charset="utf-8"/>
<link rel="stylesheet" href="/ga/css/print.css" type="text/css" media="print" charset="utf-8"/>
	<script async="async" type="text/javascript" src='//consent.trustarc.com/notice?domain=oracle.com&c=teconsent&js=bb&noticeType=bb&text=true&gtm=1&language=en' crossorigin=""></script>
	
	<style type="text/css">
  		#teconsent a {
  			text-decoration: underline;
  		}
  
  		#teconsent a:hover {
  			text-decoration: none;
  		}
	</style>
	
	<script async src="https://dyn-beacon.akamaized.net/js/dyn.beacon.v4.js" id="beaconcfg" data-id='0138'></script>
	
</head>




	 
	






	










	

 







	 
	




<body>
	<a name="top"></a>
	

			
		
 
		
			
			
			
		 









	
		
			
				
			  	
				
					
				
			
		
		
		
			
			
			
	<!-- BEGIN: jWidget_C/Header/Display -->
	
	
	
	
		 
		 
	
	
		
	
	<div class="jvh0">
		<a class="jvl0" href="/en/" title="java.com">Java.com</a>
<p>
<a href="/inc/BrowserRedirect1.jsp?locale=en">Download</a>
<a href="/en/download/help/">Help</a>
</p>

<form name="searchForm" method="get" action="https://www.oracle.com/search/results" accept-charset="utf-8" class="jvs0 jv0sv0" onsubmit="if((document.searchForm.Ntt.value == document.searchForm.Ntt.defaultValue) || (document.searchForm.Ntt.value == '')){return false;}">
<input type="hidden" name="cat" value="javacom">
<input type="hidden" name="Ntk" value="SI-ALL5">
<input type="hidden" name="lang" value="en">
<input class="bodytext" maxlength="55" name="Ntt" onfocus="if( this.value==this.defaultValue ) this.value='';" onblur="if( this.value=='' ) this.value=this.defaultValue;" size="20" title="Search" type="text" value="Search" />
<input alt="Search" id="searchbtn" name="submit" src="/ga/images/jv0_search_btn.gif" type="image" />
</form>
	</div>
	<!-- END: jWidget_C/Header/Display -->

				
	
	





	
			
	

	
	
	
	
	
	
	
	

	
	<div class="jvc0 jvc0v0 clearfix">
		
	<div class="jvc0w1 clearfix">
	    <div style="float: right;"> 
        	<a title='Printable Version' href="?printFriendly=true" 
           target="printFriendlyView" onclick="openPopup('','printFriendlyView',800,650,'no',1,1,0,0,0,0); return true;"> 
           <img src="/ga/im/printer.png" width="15" height="14" alt='Printable Version' class="pfv"> </a> 
    	</div> 		
	
		
	<div class="jvc0w2">	
	<h3><b>
        Tips for using Java with Internet Explorer
    </b></h3>
	
		
	
	
	

	

	
		<hr />
		This article applies to:
		<ul>
			
				
					<li><b>Platform(s): </b>Windows 7, Windows 8, Windows XP, Windows 10
					</li>
				
			
			
				
					<li><b>Browser(s) </b>Internet Explorer
					</li>
				
			 
			
				
					<li><b>Java version(s): </b>7.0, 8.0
					</li>
				
				
		</ul>
		<hr />
	
	
		
	
	
		
		
		
		
		
		
		
		
		
		
		
			
				<span class="bodytext">
			
		
				
		
			
		










<h4>Why is Internet Explorer blocking Java from running?</h4>



<!-- BEGIN: jWidget_C/Raw-HTML/Display -->
 



	 
	 

<p>
Internet Explorer (IE) has a new security feature, called <b>ActiveX control blocking</b>, to keep ActiveX controls, such as Java, up-to-date. This feature will prevent the app or web page from loading, if it finds that Java is out-of-date and will provide the option to update Java.
</p>

<h5 class="sub">Java(TM) was blocked because it is out of date</h5>
When the ActiveX control blocks an older Java version, you'll see:
<ul>
<li>In Internet Explorer: a notification bar, similar to <b>Java(TM) was blocked because it is out of date and needs to be updated</b>
and options to <b>Update</b> or <b>Run this time</b></li>
<li>Outside IE: an Internet Explorer Security dialog, <b>A website wants to open web content using an outdated program on your computer</b> and options to <b>Allow</b> or <b>Don't Allow</b> running the application, as well to <b>Update</b> the old version.</li>
</ul>

<h5 class="sub">Update Java</h5>
<p>It is recommended you update Java before allowing the app to run. Click <b>Update</b> and download the latest Java version. If you don't trust the site or prompt, you can visit the <a href="/">java.com</a> web site to get the latest version.</p>

The out-of-date ActiveX control blocking applies to:
<ul><li>Windows 7 SP1 Internet Explorer 8 through Internet Explorer 11</li>
<li>Windows 8 Internet Explorer for the desktop</li>
</ul> 
» <a href="http://blogs.msdn.com/b/ie/archive/2014/08/06/internet-explorer-begins-blocking-out-of-date-activex-controls.aspx">ActiveX control blocking</a> (Microsoft blog)<br/><br/>

<!-- END: jWidget_C/Raw-HTML/Display -->





			
		
			
				</span>
			
		
	
		
		
		
		
		
		
		
		
		
		
		
			
		
				
		
			
		










<!-- no bodytext --><hr/>




			
		
			
		
	
		
		
		
		
		
		
		
		
		
		
		
			
				<span class="bodytext">
			
		
				
		
			
		










<h4>Why doesn't Java work in Internet Explorer after I just installed Java?</h4>

<p>In some instances, after installing Java 7 using Internet Explorer, Java apps do not function. You may see a message from IE stating <strong>The page you are viewing uses Java. More information on Java support is available from the Microsoft website.</strong></p>
<br/>
<img alt="Dialog stating the page being viewed uses Java" class="ctralign" src="/ga/images/en/ie_uses_java.jpg"/>

<br/>




			
		
			
				</span>
			
		
	
		
		
		
		
		
		
		
		
		
		
		
			
				<span class="bodytext">
			
		
				
		
			
		










<h5 class="sub">Causes</h5>
<ul>
<li>The plugin is not registered in the browser.<br/>
</li>
<li>Java did not properly install.</li>
</ul>




			
		
			
				</span>
			
		
	
		
		
		
		
		
		
		
		
		
		
		
			
				<span class="bodytext">
			
		
				
		
			
		










<h5 class="sub">Workaround</h5>

<strong>Restart the Internet Explorer browser</strong>
<ol>
<li>Close and re-open IE</li>
<li>Return to the application page and see if you still see the IE message,</li>
<li>If the same message appears, try restarting your system.</li>
<li>If the message persists, re-install the latest Java version</li>
</ol>


<strong>Install the latest version</strong>
<ol>
<li>From <a href="/">java.com</a> click on the Free Java Download button</li>
<li>On the download page, click <b>Agree and Start Free Java Download</b></li>
<li>If you've already installed the version, you will see a message, <b>This software has already been installed on your computer. Would you like to reinstall it?</b><br/>
Click <b>Yes</b> and reinstall Java.<br/><br/>
<img alt="Dialog stating the software has already been installed" class="ctralign" src="/ga/images/en/already_installed.jpg"/>
</li>
</ol>




			
		
			
				</span>
			
		
	
		
		
		
		
		
		
		
		
		
		
		
			
		
				
		
			
		










<!-- no bodytext --><hr/>




			
		
			
		
	
		
		
		
		
		
		
		
		
		
		
		
			
				<span class="bodytext">
			
		
				
		
			
		










<h4>Why does Internet Explorer crash after I visit a web page with Java applets?</h4>




			
		
			
				</span>
			
		
	
		
		
		
		
		
		
		
		
		
		
		
			
				<span class="bodytext">
			
		
				
		
			
		










<h5 class="sub">Causes</h5>
<ul>
<li> You are not running latest version of Java.<br/>
To run Java applets on Internet Explorer 9 and later versions, you need to have Java version 6u24 or higher.</li>
<li>Compatibility View Settings in IE might be disabled.</li>
</ul>




			
		
			
				</span>
			
		
	
		
		
		
		
		
		
		
		
		
		
		
			
				<span class="bodytext">
			
		
				
		
			
		










<h5 class="sub">Workaround</h5>
<ol>
<li><b>Install the latest version of Java</b> 
<ul type="disc">
 <li>Install the <a href="/">latest version</a>. Java versions 6u24 and higher have resolved the issue related to the ActiveX filtering feature in IE 9.</li></ul>
</li><li><b>Enable Compatibility view settings in IE</b> 
<ul type="disc">
<li>Open IE browser</li>
<li>Click on <b>Tools</b> tab <br/>
<b>Note</b>: If the Tools tab is not visible in Tools bar, right click in the blank area in the browser and check the option for displaying <b>Menu bar</b>.</li>
<li>Click on the <b>Compatibility view settings</b> option</li>
<li>Click on the <b>Add</b> button</li>
<li>Add the website</li></ul></li>
</ol>




			
		
			
				</span>
			
		
	
	

	 
	
		
	
	
		<hr>
		<p><b>You might also be interested in:</b></p>
		<ul class="bluearrows">
			
		        
		        
		         
				<li>
					



	
	
	
		
		
	<!--  Begin /jArticle_C/Render-Link.jsp -->
	
	
	
    
	
	
	
		 
		 
	
	<a href='/en/download/help/troubleshoot_java.xml'>Troubleshooting tips for running Java</a>
	<!--  End /jArticle_C/Render-Link.jsp -->

	
	
	

				</li>
				
		</ul>
		<br/><br/>
	
	 	
	
	</div><!-- /jvc0w2  -->
	</div><!-- /jvc0w1 clearfix -->
		
	
	
		
		<div class="jvcs0 clearfix">
	
		
		
		
		
			 
			 
		
	
		<div class="spsidebar">	
		<div class="spheader"><a href='/en/download/help/index.xml'>Help Resources</a></div>
		<ul>
		
		
			
	      		
	   		
		        
				
				
				
					 
					 
				
				
								
				
				
					
						
						
							<li><a href="/en/download/help/index_installing.xml">Installing Java</a></li>
						
					
				
			
		        
				
				
				
					 
					 
				
				
								
				
				
					
						
						
							<li id="olderVersions"><a href="/en/download/faq/remove_olderversions.xml">Remove Older Versions</a></li>
						
										
				
			
		        
				
				
				
					 
					 
				
				
								
				
				
					
						
						
							<li><a href="/en/download/help/disable_browser.xml">Disable Java</a></li>
						
					
				
			
		        
				
				
				
					 
					 
				
				
								
				
				
					
						
							<li><a href="/en/download/help/index_using.xml"><b>Using Java</b></a></li>
						
						
					
				
			
		        
				
				
				
					 
					 
				
				
								
				
				
					
						
						
							<li><a href="/en/download/faq/index_general.xml">General Questions</a></li>
						
					
				
			
		        
				
				
				
					 
					 
				
				
								
				
				
					
						
						
							<li><a href="/en/download/faq/index_mobile.xml">Mobile Java</a></li>
						
					
				
			
		        
				
				
				
					 
					 
				
				
								
				
				
					
						
						
							<li><a href="/en/security/">Security</a></li>
						
					
				
			
		        
				
				
				
					 
					 
				
				
								
				
				
					
						
						
							<li><a href="/en/download/support.jsp">Support Options</a></li>
						
					
				
				
			
				
					
		</ul>
		</div>
		<br>
		
	
			
		
			
				
					
					
									
				 









	
		
			
				
			  	
				
					
				
			
		
		
		
			
			
			
<!-- BEGIN: jWidget_C/Raw-HTML/Display -->
 



	 
	 

<a href="http://www.prestoexperts.com/lp/java-help-3/?BanID=22489" target="_top">
	
	
	
		
		
	
	
	
	
	
	
	
	

	 

	


	<img src="/ga/images/liveperson_banner170x134.jpg" alt="Find expert help on Java installation and setup"  width="170"  height="134" />
	
</a>
<br />

<!-- END: jWidget_C/Raw-HTML/Display -->

				
	
	





			
		
		
		
			
		
			
	
		</div><!--  /jvcs0 clearfix -->
		</div><!-- /jvc0 -->
		
	
	
		
		
			
	 









	
		
			
				
			  	
				
					
				
			
		
		
		
			
			
			
	<!-- BEGIN: jWidget_C/Footer/Display -->
	
	
	
	
		 
		 
	
	<div class="jvf0">
		<div class="jvf0">

<p>
<a href="/en/selectlanguage.jsp" title="Select Language">Select Language</a>
| <a href="/en/about/" title="About Java">About Java</a>
| <a href="/en/download/support.jsp" title="Support">Support</a>
| <a href="/en/download/faq/develop.xml" title="Developers">Developers</a>
| <a href="https://ora-java.custhelp.com/ci/documents/detail/5/2142/12/dc6484bd4764542e486ad251ccb32be5f2e9be23" onclick="return popFeedback('https://ora-java.custhelp.com/ci/documents/detail/5/2142/12/dc6484bd4764542e486ad251ccb32be5f2e9be23');" id="feedback-link" title="Feedback">Feedback</a>
<br />
  <a href="https://www.oracle.com/html/privacy.html" title="Privacy">Privacy</a> 
|&nbsp;<a><span id='teconsent'></span></a>&nbsp;
| <a href="https://www.oracle.com/html/terms.html" title="Terms of Use">Terms of Use</a>
| <a href="https://www.oracle.com/html/3party.html" title="Trademarks">Trademarks</a>
| <a href="/en/about/disclaimer.jsp" title="Disclaimer">Disclaimer</a>
</p>
<a href="https://www.oracle.com/" class="jvsun0">Oracle</a>
</div>

	</div>
	<!-- END: jWidget_C/Footer/Display -->

				
	
	





	
	
	
		
			<!--[if gte IE 6]><!-->
			<script src="/ga/js/global.js" type="text/javascript" charset="utf-8"></script>
			<!-- <![endif]-->
			
			
		
	
	
	
		
		
			
				
			
			
		
		<script language="JavaScript">
		<!--
			var s_channel="javac:Support:Help";
			var s_pageName="javac:Support:Help:ie_tips.xml";
			var s_prop19="en_javac:Support:Help:ie_tips.xml";
			var s_charSet="UTF-8";
		//-->
		</script>
		<script language="JavaScript" src="/ga/js/s_code_remote.js"></script>
		<script>
			userAgent = navigator.userAgent;
			userAgent = userAgent == null ? "" : userAgent.toLowerCase();
			
			if (userAgent.indexOf('mac') != -1){
				document.getElementById("olderVersions").style.display = "none"
			}
		</script>
	
		
	
</body>
</html>


