<!DOCTYPE HTML PUBLIC "-//W3C//DTD HTML 4.01 Transitional//EN" "http://www.w3.org/TR/html4/loose.dtd">
<html lang="en-US" xml:lang="en-US">
<head>
<meta http-equiv="content-type" content="text/html; charset=UTF-8"/>
<meta name="Language" content="en-US"/>
<meta name="ROBOTS" content="NOINDEX,FOLLOW,NOARCHIVE"/>

<title>Java Technology Help - Using Java</title>

	<meta name="description" content="Get help for running java applets"/>
	<meta name="keywords" content="Java Runtime Environment,jvm,Java Runtime,Runtime Environment,Runtime,JRE,Java Virtual Machine,Virtual Machine,Java VM,JVM,VM,plugin,plug-in,add-on"/>
<meta name="date" content="2017-02-09"/>
 


<link rel="stylesheet" href="/ga/css/screen.css" type="text/css" media="screen" charset="utf-8"/>
<link rel="stylesheet" href="/ga/css/print.css" type="text/css" media="print" charset="utf-8"/>
	<script async="async" type="text/javascript" src='//consent.trustarc.com/notice?domain=oracle.com&c=teconsent&js=bb&noticeType=bb&text=true&gtm=1&language=en' crossorigin=""></script>
	
	<style type="text/css">
  		#teconsent a {
  			text-decoration: underline;
  		}
  
  		#teconsent a:hover {
  			text-decoration: none;
  		}
	</style>
	
	<script async src="https://dyn-beacon.akamaized.net/js/dyn.beacon.v4.js" id="beaconcfg" data-id='0138'></script>
	
</head>

<body>
	
		<a name="top"></a>
		<!-- Locale: en_US HeaderID: 1371159372934 --> 
		 









	
		
			
				
			  	
				
					
				
			
		
		
		
			
			
			
	<!-- BEGIN: jWidget_C/Header/Display -->
	
	
	
	
		 
		 
	
	
		
	
	<div class="jvh0">
		<a class="jvl0" href="/en/" title="java.com">Java.com</a>
<p>
<a href="/inc/BrowserRedirect1.jsp?locale=en">Download</a>
<a href="/en/download/help/">Help</a>
</p>

<form name="searchForm" method="get" action="https://www.oracle.com/search/results" accept-charset="utf-8" class="jvs0 jv0sv0" onsubmit="if((document.searchForm.Ntt.value == document.searchForm.Ntt.defaultValue) || (document.searchForm.Ntt.value == '')){return false;}">
<input type="hidden" name="cat" value="javacom">
<input type="hidden" name="Ntk" value="SI-ALL5">
<input type="hidden" name="lang" value="en">
<input class="bodytext" maxlength="55" name="Ntt" onfocus="if( this.value==this.defaultValue ) this.value='';" onblur="if( this.value=='' ) this.value=this.defaultValue;" size="20" title="Search" type="text" value="Search" />
<input alt="Search" id="searchbtn" name="submit" src="/ga/images/jv0_search_btn.gif" type="image" />
</form>
	</div>
	<!-- END: jWidget_C/Header/Display -->

				
	
	





	<div class="jvc0 jvc0v0 clearfix">
		<div class="jvc0w1 clearfix">	
			<div class="jvc0w2">
				
				<h1>Java Help Center - Using Java</h1>
				
						<!-- 1 Column -->
						<form name="help">
							
							<script language="javascript" type="text/javascript">
								function passNumValue(){
									document.help.submit();
								}
							</script>
							<hr class="ltgrey">
							<h2>Results</h2>
							<div class="jvsp0 jvsp0v1">
								<div class="jvsp0x0">
									<select name="os" id="userOs" onchange="passNumValue();">
										
													<option value='All Platforms'>All Platforms</option>
												
													<option value='Solaris SPARC'>Solaris SPARC</option>
												
													<option value='Solaris x86'>Solaris x86</option>
												
													<option value='Red Hat Linux'>Red Hat Linux</option>
												
													<option value='Oracle Enterprise Linux'>Oracle Enterprise Linux</option>
												
													<option value='Oracle Linux'>Oracle Linux</option>
												
													<option value='SUSE Linux'>SUSE Linux</option>
												
													<option value='Windows 10'>Windows 10</option>
												
													<option value='Windows 8'>Windows 8 / Windows 8.1</option>
												
													<option value='Windows 7'>Windows 7</option>
												
													<option value='Windows Vista'>Vista</option>
												
													<option value='Windows XP'>Windows XP</option>
												
													<option value='Windows 2008 Server'>Windows 2008 Server</option>
												
													<option value='Windows Server 2012'>Windows Server 2012</option>
												
													<option value='Macintosh OS X'>Mac OS X / macOS</option>
												
													<option value='Ubuntu Linux'>Ubuntu Linux</option>
												
													<option value='Linux'>Linux</option>
												
									</select>
								</div>
								Java version:
										<a name="j" href="?j=7">Java 7</a>&nbsp;&nbsp;|&nbsp;&nbsp;<b>Java 8</b>															
									
								<input type="hidden" name="j" value='8'>
							</div>
							<table width="540" border="0" cellspacing="0" cellpadding="3" summary=" ">
								<tbody>
									
										<tr>
											<td width="540" align="left" valign="top" class="ltgrey">
												<a href='/en/download/help/jcp_security.xml' class="orangelink">Security level settings in the Java Control Panel</a>
																								
											</td>
										</tr>
									
										<tr>
											<td width="540" align="left" valign="top" class="ltgrey">
												<a href='/en/download/help/java_crash_video_driver.xml' class="orangelink">Error message: Java Platform SE Binary has stopped working</a>
																								
											</td>
										</tr>
									
										<tr>
											<td width="540" align="left" valign="top" class="ltgrey">
												<a href='/en/download/help/troubleshoot_java.xml' class="orangelink">Troubleshooting tips for running Java</a>
																								
											</td>
										</tr>
									
										<tr>
											<td width="540" align="left" valign="top" class="ltgrey">
												<a href='/en/download/help/java_printing.xml' class="orangelink">Printing issues with Java</a>
																								
											</td>
										</tr>
									
										<tr>
											<td width="540" align="left" valign="top" class="ltgrey">
												<a href='/en/download/help/error_mixedcode.xml' class="orangelink">Error : Java has discovered application components that could indicate a security concern</a>
																								
											</td>
										</tr>
									
										<tr>
											<td width="540" align="left" valign="top" class="ltgrey">
												<a href='/en/download/help/javascript_applet.xml' class="orangelink">Security Warning: Allow access to the following application from this web site?</a>
																								
											</td>
										</tr>
									
										<tr>
											<td width="540" align="left" valign="top" class="ltgrey">
												<a href='/en/download/help/java_blocked.xml' class="orangelink">Why are Java applications blocked by your security settings?</a>
																								
											</td>
										</tr>
									
										<tr>
											<td width="540" align="left" valign="top" class="ltgrey">
												<a href='/en/download/help/restore_prompts.xml' class="orangelink">Restore Java Security Prompts</a>
																								
											</td>
										</tr>
									
										<tr>
											<td width="540" align="left" valign="top" class="ltgrey">
												<a href='/en/download/help/appsecuritydialogs.xml' class="orangelink">What should I do when I see a security prompt from Java?</a>
																								
											</td>
										</tr>
									
										<tr>
											<td width="540" align="left" valign="top" class="ltgrey">
												<a href='/en/download/help/disable_sslv3.xml' class="orangelink">How can Java users confirm they are not affected by the SSL V3.0 POODLE vulnerability </a>
																								
											</td>
										</tr>
									
										<tr>
											<td width="540" align="left" valign="top" class="ltgrey">
												<a href='/en/download/help/signedjar_dialog.xml' class="orangelink">Running an application that is correctly signed with a trusted certificate still displays the unsigned security prompt</a>
																								
											</td>
										</tr>
									
										<tr>
											<td width="540" align="left" valign="top" class="ltgrey">
												<a href='/en/download/help/revocation_options.xml' class="orangelink">How to configure certificate revocation checking from the Java Control Panel</a>
																								
											</td>
										</tr>
									
										<tr>
											<td width="540" align="left" valign="top" class="ltgrey">
												<a href='/en/download/help/trusted_signed_variations.xml' class="orangelink">Various security dialogs for trusted signed applications</a>
																								
											</td>
										</tr>
									
										<tr>
											<td width="540" align="left" valign="top" class="ltgrey">
												<a href='/en/download/help/trusted_expired_variations.xml' class="orangelink">Various security dialogs for expired certificate applications</a>
																								
											</td>
										</tr>
									
										<tr>
											<td width="540" align="left" valign="top" class="ltgrey">
												<a href='/en/download/help/error_embargoed.xml' class="orangelink">Why do I see the message 'You are located in an embargoed country and cannot download Java' ?</a>
																								
											</td>
										</tr>
									
										<tr>
											<td width="540" align="left" valign="top" class="ltgrey">
												<a href='/en/download/help/run_old_java.xml' class="orangelink">Running older versions of Java</a>
																								
											</td>
										</tr>
									
								</tbody>
							</table>
							<div class="jvsp0 jvsp0v1">
								<div class="jvsp0x0">
									Results per page
									<select name="n" id="itemsPerPage" onchange = "passNumValue();">
										
													<option value='10'>10</option>
												
													<option value='20' selected>20</option>
												
													<option value='30'>30</option>
												
													<option value='40'>40</option>
												
									</select>
								</div>
								Page:1
							</div>
						</form>
					
			</div>
		</div>
		<div class="jvcs0 clearfix">
			
				<div class="spsidebar">	
					<div class="spheader"><a href='/en/download/help/index.xml'>Help Resources</a></div>
					<ul>
						
									<li><a href="/en/download/help/index_installing.xml">Installing Java</a></li>
								
									<li><a href="/en/download/faq/remove_olderversions.xml">Remove Older Versions</a></li>
								
									<li><a href="/en/download/help/disable_browser.xml">Disable Java</a></li>
								
									<li><a href="/en/download/help/index_using.xml"><b>Using Java</b></a></li>
								
									<li><a href="/en/download/faq/index_general.xml">General Questions</a></li>
								
									<li><a href="/en/download/faq/index_mobile.xml">Mobile Java</a></li>
								
									<li><a href="/en/security/">Security</a></li>
								
									<li><a href="/en/download/support.jsp">Support Options</a></li>
								
					</ul>
				</div>
				<br>
			 









	
		
			
				
			  	
				
					
				
			
		
		
		
			
			
			
<!-- BEGIN: jWidget_C/Raw-HTML/Display -->
 



	 
	 

<a href="http://www.prestoexperts.com/lp/java-help-3/?BanID=22489" target="_top">
	
	
	
		
		
	
	
	
	
	
	
	
	

	 

	


	<img src="/ga/images/liveperson_banner170x134.jpg" alt="Find expert help on Java installation and setup"  width="170"  height="134" />
	
</a>
<br />

<!-- END: jWidget_C/Raw-HTML/Display -->

				
	
	





		</div>
	</div>
	
		<!--[if gte IE 6]><!-->
			<script src="/ga/js/global.js" type="text/javascript" charset="utf-8"></script>
		<!-- <![endif]-->
	 









	
		
			
				
			  	
				
					
				
			
		
		
		
			
			
			
	<!-- BEGIN: jWidget_C/Footer/Display -->
	
	
	
	
		 
		 
	
	<div class="jvf0">
		<div class="jvf0">

<p>
<a href="/en/selectlanguage.jsp" title="Select Language">Select Language</a>
| <a href="/en/about/" title="About Java">About Java</a>
| <a href="/en/download/support.jsp" title="Support">Support</a>
| <a href="/en/download/faq/develop.xml" title="Developers">Developers</a>
| <a href="https://ora-java.custhelp.com/ci/documents/detail/5/2142/12/dc6484bd4764542e486ad251ccb32be5f2e9be23" onclick="return popFeedback('https://ora-java.custhelp.com/ci/documents/detail/5/2142/12/dc6484bd4764542e486ad251ccb32be5f2e9be23');" id="feedback-link" title="Feedback">Feedback</a>
<br />
  <a href="https://www.oracle.com/html/privacy.html" title="Privacy">Privacy</a> 
|&nbsp;<a><span id='teconsent'></span></a>&nbsp;
| <a href="https://www.oracle.com/html/terms.html" title="Terms of Use">Terms of Use</a>
| <a href="https://www.oracle.com/html/3party.html" title="Trademarks">Trademarks</a>
| <a href="/en/about/disclaimer.jsp" title="Disclaimer">Disclaimer</a>
</p>
<a href="https://www.oracle.com/" class="jvsun0">Oracle</a>
</div>

	</div>
	<!-- END: jWidget_C/Footer/Display -->

				
	
	





		<script language="JavaScript">
		<!--
		    var s_channel='javac:Support:Help';
		    var s_pageName='javac:Support:Help:index_using.xml';
		    var s_prop19='en_javac:Support:Help:index_using.xml';
		    var s_charSet="UTF-8";
		//-->
		</script>
		<script language="JavaScript" src="/ga/js/s_code_remote.js"></script>
	
</body>
</html>
