 










	
	
<!DOCTYPE HTML PUBLIC "-//W3C//DTD HTML 4.01 Transitional//EN" "http://www.w3.org/TR/html4/loose.dtd">
<html lang="en-US" xml:lang="en-US">
<head>
<meta http-equiv="content-type" content="text/html; charset=UTF-8"/>
<meta name="Language" content="en-US"/>
<meta name="ROBOTS" content="INDEX,FOLLOW"/>

<title>Security level settings in the Java Control Panel</title>

	<meta name="description" content="Describes Security level settings in the Java Control Panel"/>
	<meta name="keywords" content=""/>
<meta name="date" content="2017-05-05"/>




	
		
					<meta name='oracle:JRE' content='7.0,8.0'/>
				

		<meta name="oracle:articleType" content='help'/>		
	
		<link rel="stylesheet" media="all" type="text/css" href="/ga/css/oldcss.css" />
	
		<script type="text/javascript" src="/ga/js/popUp.js"></script>
	 


<link rel="stylesheet" href="/ga/css/screen.css" type="text/css" media="screen" charset="utf-8"/>
<link rel="stylesheet" href="/ga/css/print.css" type="text/css" media="print" charset="utf-8"/>
	<script async="async" type="text/javascript" src='//consent.trustarc.com/notice?domain=oracle.com&c=teconsent&js=bb&noticeType=bb&text=true&gtm=1&language=en' crossorigin=""></script>
	
	<style type="text/css">
  		#teconsent a {
  			text-decoration: underline;
  		}
  
  		#teconsent a:hover {
  			text-decoration: none;
  		}
	</style>
	
	<script async src="https://dyn-beacon.akamaized.net/js/dyn.beacon.v4.js" id="beaconcfg" data-id='0138'></script>
	
</head>




	 
	






	










	

 







	 
	




<body>
	<a name="top"></a>
	

			
		
 
		
			
			
			
		 









	
		
			
				
			  	
				
					
				
			
		
		
		
			
			
			
	<!-- BEGIN: jWidget_C/Header/Display -->
	
	
	
	
		 
		 
	
	
		
	
	<div class="jvh0">
		<a class="jvl0" href="/en/" title="java.com">Java.com</a>
<p>
<a href="/inc/BrowserRedirect1.jsp?locale=en">Download</a>
<a href="/en/download/help/">Help</a>
</p>

<form name="searchForm" method="get" action="https://www.oracle.com/search/results" accept-charset="utf-8" class="jvs0 jv0sv0" onsubmit="if((document.searchForm.Ntt.value == document.searchForm.Ntt.defaultValue) || (document.searchForm.Ntt.value == '')){return false;}">
<input type="hidden" name="cat" value="javacom">
<input type="hidden" name="Ntk" value="SI-ALL5">
<input type="hidden" name="lang" value="en">
<input class="bodytext" maxlength="55" name="Ntt" onfocus="if( this.value==this.defaultValue ) this.value='';" onblur="if( this.value=='' ) this.value=this.defaultValue;" size="20" title="Search" type="text" value="Search" />
<input alt="Search" id="searchbtn" name="submit" src="/ga/images/jv0_search_btn.gif" type="image" />
</form>
	</div>
	<!-- END: jWidget_C/Header/Display -->

				
	
	





	
			
	

	
	
	
	
	
	
	
	

	
	<div class="jvc0 jvc0v0 clearfix">
		
	<div class="jvc0w1 clearfix">
	    <div style="float: right;"> 
        	<a title='Printable Version' href="?printFriendly=true" 
           target="printFriendlyView" onclick="openPopup('','printFriendlyView',800,650,'no',1,1,0,0,0,0); return true;"> 
           <img src="/ga/im/printer.png" width="15" height="14" alt='Printable Version' class="pfv"> </a> 
    	</div> 		
	
		
	<div class="jvc0w2">	
	<h3><b>
        How do I control when an untrusted applet or application runs in my web browser? 

    </b></h3>
	
		
	
	
	

	

	
		<hr />
		This article applies to:
		<ul>
			
				
			
			
				
			 
			
				
					<li><b>Java version(s): </b>7.0, 8.0
					</li>
				
				
		</ul>
		<hr />
	
	
		
	
	
		
		
		
		
		
		
		
		
		
		
		
			
				<span class="bodytext">
			
		
				
		
			
		










<br/> 
» <a href="#Settings">Setting the security level within the Java Control Panel</a><br/> 
» <a href="#md5">Applications signed with MD5withRSA or MD5withDSA</a><br/> <br />

<h2><a name="settings">Setting the security level within the Java Control Panel</a></h2>
Java 7u10 introduced the ability to manage when and how untrusted Java applications (i.e. an application that is digitally signed by an unknown publisher, or a certificate that has not been issued by a trusted Certificate Authority) will run if they are included on a web page. Setting the security level within the Java Control Panel will determine whether
<ol>
<li>You are prompted before an untrusted java application is run (MEDIUM or HIGH) or
</li>
<li>Untrusted Java applications will be blocked so they cannot run (VERY HIGH).</li></ol>




			
		
			
				</span>
			
		
	
		
		
		
		
		
		
		
		
		
		
		
			
				<span class="bodytext">
			
		
				
		
			
		










<p>
Starting with Java 7 Update 51, applets that do not conform with the latest security practices can still be authorized to run by including the sites that host them to the <a href="/en/download/faq/exception_sitelist.xml">Exception Site List</a>.</p>




			
		
			
				</span>
			
		
	
		
		
		
		
		
		
		
		
		
		
		
			
				<span class="bodytext">
			
		
				
		
			
		











<!-- BEGIN: jWidget_C/Raw-HTML/Display -->
 



	 
	 

<p>
<img class="infoic" src="/ga/images/ic-info16.png"/>Starting with <strong>Java 8 Update 20, the Medium security level has been removed</strong> from the Java Control Panel. Only High and Very High levels are available.
</p>

<p>The exception site list provides users with the option of allowing the same applets that would have been allowed by selecting the <strong>Medium</strong> option but on a site-by-site basis therefore minimizing the risk of using more permissive settings.</p><br/>

<!-- END: jWidget_C/Raw-HTML/Display -->


<br />




			
		
			
				</span>
			
		
	
		
		
		
		
		
		
		
		
		
		
		
			
				<span class="bodytext">
			
		
				
		
			
		










 









	
		
			
				
			  	
				
					
				
			
		
		
		
			
			
			
<!-- BEGIN: jWidget_C/Raw-HTML/Display -->
 



	 
	 

<h4 class="sub">Find the Java Control Panel</h4>
<p>
» <a href="/en/download/help/win_controlpanel.xml">Windows</a><br/>
» <a href="/en/download/help/mac_controlpanel.xml">Mac OS X</a> 
</p>

<!-- END: jWidget_C/Raw-HTML/Display -->

				
	
	









			
		
			
				</span>
			
		
	
		
		
		
		
		
		
		
		
		
		
		
			
				<span class="bodytext">
			
		
				
		
			
		










<h4>Setting the Security levels through the Java Control Panel</h4>

<ol>
<li>In the Java Control Panel, click on the <b>Security</b> tab.</li>
<li>Select the desired Security level.</li>
<li>Click <b>Apply</b>.</li>
<li>Click <b>OK</b> to save changes made to the Java Control Panel.</li>
</ol>




			
		
			
				</span>
			
		
	
		
		
		
		
		
		
		
		
		
		
		
			
				<span class="bodytext">
			
		
				
		
			
		










<em>Java Control Panel - Java 8u20 and later versions</em><br />
<img alt="Java 8u20 control panel Security tab" src="/ga/images/en/java_security8.jpg">
<br /><br />




			
		
			
				</span>
			
		
	
		
		
		
		
		
		
		
		
		
		
		
			
				<span class="bodytext">
			
		
				
		
			
		










<em>Java Control Panel - Java 7</em><br />
<img alt="Enable Java" src="/ga/images/en/java_security.jpg"><br />
<br /><br />




			
		
			
				</span>
			
		
	
		
		
		
		
		
		
		
		
		
		
		
			
				<span class="bodytext">
			
		
				
		
			
		










<h4>Security levels in the Java Control Panel</h4>
<h5 class="sub">Very High</h5>
This is the most restrictive security level setting. All the applications that are signed with a valid certificate and include the Permissions attribute in the manifest for the main JAR file are allowed to run with security prompts. All other applications are blocked.  <br/><br/>

<h5 class="sub">High</h5>
This is the <b>minimum recommended</b> (and default) security level setting. Applications that are signed with a valid or expired certificate and include the Permissions attribute in the manifest for the main JAR file are allowed to run with security prompts. Applications are also allowed to run with security prompts when the revocation status of the certificate cannot be checked. All other applications are blocked. <br/><br/>

<h5 class="sub">Medium (removed from Java 8 Update 20 and later versions)</h5>
Only unsigned applications that request all permissions are blocked. All other applications are allowed to run with security prompts. Selecting the Medium security level is not recommended and will make your computer more vulnerable should you run a malicious application. <br/><br/>




			
		
			
				</span>
			
		
	
		
		
		
		
		
		
		
		
		
		
		
			
				<span class="bodytext">
			
		
				
		
			
		










<hr>
<h2><a name="md5">Applications signed with MD5withRSA or MD5withDSA</a></h2>
<p>
Applications signed with the MD5withRSA or MD5withDSA algorithms are
<a href="/en/jre-jdk-cryptoroadmap.html#releasedChangesTable">treated as unsigned</a> starting with the Java 8 Update 131 release.</p>
Error Messages/Dialogs:</br>
</br>
MD5withRSA Algorithm</br>
<div class="boxshadow"> 
    Unable to launch application.</br></br>
    Unsigned application requesting unrestricted access to system</br>
    The following resource is signed with a weak signature algorithm</br>
    <b>MD5withRSA</b> and is treated as unsigned:</br>
    http://example.net/ExampleApplication.jar</div>
</br>
MD5withDSA Algorithm
</br>
<div class="boxshadow"> 
    Unable to launch application.</br></br>
    Unsigned application requesting unrestricted access to system</br>
    The following resource is signed with a weak signature algorithm</br>
    <b>MD5withDSA</b> and is treated as unsigned:</br>
    http://example.net/ExampleApplication.jar</div>

</br>
<p>
<h5 class="sub">Application users</h5>
If you encounter either of the messages above, it is recommended that
you contact the website where you are seeing this message or the
application vendor and provide them with the message. The website or
vendor needs to improve the security of the application, as the
application is no longer secure using MD5withRSA or MD5withDSA.</br>
</br>
<h5 class="sub">Application developers</h5>
If you own, develop or maintain a Java application that is displaying these
messages, it is recommend that you re-sign the JAR with a stronger
algorithm. For information on how to identify the algorithm used to sign a
JAR, see the Changes section of the Java 8 Update 131 <a href="http://www.oracle.com/technetwork/java/javase/8u131-relnotes-3565278.html
">Release Notes</a>. Additional information on using the Jarsigner tool can
be found on the <a href="http://docs.oracle.com/javase/8/docs/technotes/tools/windows/jarsigner.html
">Jarsigner Tool page</a>. It is possible, but
not recommended, to update a client machine to revert this security
enhancement. Information on reverting can be found on the
<a href="/en/configure_crypto.html#disableMD5
">Cryptographic Algorithms page</a>. </p>




			
		
			
				</span>
			
		
	
	

	 
	
		
	
	
		<hr>
		<p><b>You might also be interested in:</b></p>
		<ul class="bluearrows">
			
		        
		        
		         
				<li>
					



	
	
	
		
		
	<!--  Begin /jArticle_C/Render-Link.jsp -->
	
	
	
    
	
	
	
		 
		 
	
	<a href='/en/download/faq/exception_sitelist.xml'>How can I configure the Exception Site List?</a>
	<!--  End /jArticle_C/Render-Link.jsp -->

	
	
	

				</li>
			
		        
		        
		         
				<li>
					



	
	
	
		
		
	<!--  Begin /jArticle_C/Render-Link.jsp -->
	
	
	
    
	
	
	
		 
		 
	
	<a href='/en/download/faq/security-tips.xml'>Tips for using Java securely</a>
	<!--  End /jArticle_C/Render-Link.jsp -->

	
	
	

				</li>
				
		</ul>
		<br/><br/>
	
	 	
	
	</div><!-- /jvc0w2  -->
	</div><!-- /jvc0w1 clearfix -->
		
	
	
		
		<div class="jvcs0 clearfix">
	
		
		
		
		
			 
			 
		
	
		<div class="spsidebar">	
		<div class="spheader"><a href='/en/download/help/index.xml'>Help Resources</a></div>
		<ul>
		
		
			
	      		
	   		
		        
				
				
				
					 
					 
				
				
								
				
				
					
						
						
							<li><a href="/en/download/help/index_installing.xml">Installing Java</a></li>
						
					
				
			
		        
				
				
				
					 
					 
				
				
								
				
				
					
						
						
							<li id="olderVersions"><a href="/en/download/faq/remove_olderversions.xml">Remove Older Versions</a></li>
						
										
				
			
		        
				
				
				
					 
					 
				
				
								
				
				
					
						
						
							<li><a href="/en/download/help/disable_browser.xml">Disable Java</a></li>
						
					
				
			
		        
				
				
				
					 
					 
				
				
								
				
				
					
						
							<li><a href="/en/download/help/index_using.xml"><b>Using Java</b></a></li>
						
						
					
				
			
		        
				
				
				
					 
					 
				
				
								
				
				
					
						
						
							<li><a href="/en/download/faq/index_general.xml">General Questions</a></li>
						
					
				
			
		        
				
				
				
					 
					 
				
				
								
				
				
					
						
						
							<li><a href="/en/download/faq/index_mobile.xml">Mobile Java</a></li>
						
					
				
			
		        
				
				
				
					 
					 
				
				
								
				
				
					
						
						
							<li><a href="/en/security/">Security</a></li>
						
					
				
			
		        
				
				
				
					 
					 
				
				
								
				
				
					
						
						
							<li><a href="/en/download/support.jsp">Support Options</a></li>
						
					
				
				
			
				
					
		</ul>
		</div>
		<br>
		
	
			
		
			
				
					
					
									
				 









	
		
			
				
			  	
				
					
				
			
		
		
		
			
			
			
<!-- BEGIN: jWidget_C/Raw-HTML/Display -->
 



	 
	 

<a href="http://www.prestoexperts.com/lp/java-help-3/?BanID=22489" target="_top">
	
	
	
		
		
	
	
	
	
	
	
	
	

	 

	


	<img src="/ga/images/liveperson_banner170x134.jpg" alt="Find expert help on Java installation and setup"  width="170"  height="134" />
	
</a>
<br />

<!-- END: jWidget_C/Raw-HTML/Display -->

				
	
	





			
		
		
		
			
		
			
	
		</div><!--  /jvcs0 clearfix -->
		</div><!-- /jvc0 -->
		
	
	
		
		
			
	 









	
		
			
				
			  	
				
					
				
			
		
		
		
			
			
			
	<!-- BEGIN: jWidget_C/Footer/Display -->
	
	
	
	
		 
		 
	
	<div class="jvf0">
		<div class="jvf0">

<p>
<a href="/en/selectlanguage.jsp" title="Select Language">Select Language</a>
| <a href="/en/about/" title="About Java">About Java</a>
| <a href="/en/download/support.jsp" title="Support">Support</a>
| <a href="/en/download/faq/develop.xml" title="Developers">Developers</a>
| <a href="https://ora-java.custhelp.com/ci/documents/detail/5/2142/12/dc6484bd4764542e486ad251ccb32be5f2e9be23" onclick="return popFeedback('https://ora-java.custhelp.com/ci/documents/detail/5/2142/12/dc6484bd4764542e486ad251ccb32be5f2e9be23');" id="feedback-link" title="Feedback">Feedback</a>
<br />
  <a href="https://www.oracle.com/html/privacy.html" title="Privacy">Privacy</a> 
|&nbsp;<a><span id='teconsent'></span></a>&nbsp;
| <a href="https://www.oracle.com/html/terms.html" title="Terms of Use">Terms of Use</a>
| <a href="https://www.oracle.com/html/3party.html" title="Trademarks">Trademarks</a>
| <a href="/en/about/disclaimer.jsp" title="Disclaimer">Disclaimer</a>
</p>
<a href="https://www.oracle.com/" class="jvsun0">Oracle</a>
</div>

	</div>
	<!-- END: jWidget_C/Footer/Display -->

				
	
	





	
	
	
		
			<!--[if gte IE 6]><!-->
			<script src="/ga/js/global.js" type="text/javascript" charset="utf-8"></script>
			<!-- <![endif]-->
			
			
		
	
	
	
		
		
			
				
			
			
		
		<script language="JavaScript">
		<!--
			var s_channel="javac:Support:Help";
			var s_pageName="javac:Support:Help:jcp_security.xml";
			var s_prop19="en_javac:Support:Help:jcp_security.xml";
			var s_charSet="UTF-8";
		//-->
		</script>
		<script language="JavaScript" src="/ga/js/s_code_remote.js"></script>
		<script>
			userAgent = navigator.userAgent;
			userAgent = userAgent == null ? "" : userAgent.toLowerCase();
			
			if (userAgent.indexOf('mac') != -1){
				document.getElementById("olderVersions").style.display = "none"
			}
		</script>
	
		
	
</body>
</html>


