 










	
	
<!DOCTYPE HTML PUBLIC "-//W3C//DTD HTML 4.01 Transitional//EN" "http://www.w3.org/TR/html4/loose.dtd">
<html lang="en-US" xml:lang="en-US">
<head>
<meta http-equiv="content-type" content="text/html; charset=UTF-8"/>
<meta name="Language" content="en-US"/>
<meta name="ROBOTS" content="INDEX,FOLLOW"/>

<title>How do I uninstall Java for Linux?</title>

	<meta name="description" content="Follow these instructions to uninstall Java on Linux"/>
	<meta name="keywords" content="Uninstall Java Runtime Environment, uninstall java, Linux, Red Hat, Suse Linux"/>
<meta name="date" content="2016-03-15"/>




	
		
					<meta name='oracle:JRE' content='7.0,8.0'/>
				




	
		
					<meta name='oracle:Browser' content='Firefox'/>
				




	
		
					<meta name='oracle:OS' content='Red Hat Linux,SLES,Oracle Enterprise Linux,Oracle Linux,SUSE Linux'/>
				

		<meta name="oracle:articleType" content='help'/>		
	
		<link rel="stylesheet" media="all" type="text/css" href="/ga/css/oldcss.css" />
	
		<script type="text/javascript" src="/ga/js/popUp.js"></script>
	 


<link rel="stylesheet" href="/ga/css/screen.css" type="text/css" media="screen" charset="utf-8"/>
<link rel="stylesheet" href="/ga/css/print.css" type="text/css" media="print" charset="utf-8"/>
	<script async="async" type="text/javascript" src='//consent.trustarc.com/notice?domain=oracle.com&c=teconsent&js=bb&noticeType=bb&text=true&gtm=1&language=en' crossorigin=""></script>
	
	<style type="text/css">
  		#teconsent a {
  			text-decoration: underline;
  		}
  
  		#teconsent a:hover {
  			text-decoration: none;
  		}
	</style>
	
	<script async src="https://dyn-beacon.akamaized.net/js/dyn.beacon.v4.js" id="beaconcfg" data-id='0138'></script>
	
</head>




	 
	






	










	

 







	 
	




<body>
	<a name="top"></a>
	

			
		
 
		
			
			
			
		 









	
		
			
				
			  	
				
					
				
			
		
		
		
			
			
			
	<!-- BEGIN: jWidget_C/Header/Display -->
	
	
	
	
		 
		 
	
	
		
	
	<div class="jvh0">
		<a class="jvl0" href="/en/" title="java.com">Java.com</a>
<p>
<a href="/inc/BrowserRedirect1.jsp?locale=en">Download</a>
<a href="/en/download/help/">Help</a>
</p>

<form name="searchForm" method="get" action="https://www.oracle.com/search/results" accept-charset="utf-8" class="jvs0 jv0sv0" onsubmit="if((document.searchForm.Ntt.value == document.searchForm.Ntt.defaultValue) || (document.searchForm.Ntt.value == '')){return false;}">
<input type="hidden" name="cat" value="javacom">
<input type="hidden" name="Ntk" value="SI-ALL5">
<input type="hidden" name="lang" value="en">
<input class="bodytext" maxlength="55" name="Ntt" onfocus="if( this.value==this.defaultValue ) this.value='';" onblur="if( this.value=='' ) this.value=this.defaultValue;" size="20" title="Search" type="text" value="Search" />
<input alt="Search" id="searchbtn" name="submit" src="/ga/images/jv0_search_btn.gif" type="image" />
</form>
	</div>
	<!-- END: jWidget_C/Header/Display -->

				
	
	





	
			
	

	
	
	
	
	
	
	
	

	
	<div class="jvc0 jvc0v0 clearfix">
		
	<div class="jvc0w1 clearfix">
	    <div style="float: right;"> 
        	<a title='Printable Version' href="?printFriendly=true" 
           target="printFriendlyView" onclick="openPopup('','printFriendlyView',800,650,'no',1,1,0,0,0,0); return true;"> 
           <img src="/ga/im/printer.png" width="15" height="14" alt='Printable Version' class="pfv"> </a> 
    	</div> 		
	
		
	<div class="jvc0w2">	
	<h3><b>
        How do I uninstall Java for Linux ?
    </b></h3>
	
		
	
	
	

	

	
		<hr />
		This article applies to:
		<ul>
			
				
					<li><b>Platform(s): </b>Oracle Enterprise Linux, Oracle Linux, Red Hat Linux, SLES, SUSE Linux
					</li>
				
			
			
				
					<li><b>Browser(s) </b>Firefox
					</li>
				
			 
			
				
					<li><b>Java version(s): </b>7.0, 8.0
					</li>
				
				
		</ul>
		<hr />
	
	
		
	
	
		
		
		
		
		
		
		
		
		
		
		
			
				<span class="bodytext">
			
		
				
		
			
		










The uninstall process consists of:
<ol>
  <li><a class="linkgrey" href="#plug-in"><b>Java Plug-in Uninstall</b></a></li>
  <li><a class="linkgrey" href="#jre"><b>Java Uninstall</b></a>
  <ul>
    <li><a class="linkgrey" href="#rpm"><b>RPM Uninstall</b></a></li>
    <li><a class="linkgrey" href="#self"><b>Self extracting Uninstall</b></a></li>
  </ul>
  </li>
</ol>




			
		
			
				</span>
			
		
	
		
		
		
		
		
		
		
		
		
		
		
			
				<span class="bodytext">
			
		
				
		
			
		










<a name="plug-in"><h5 class="sub">Java Plug-in Uninstall: Mozilla browser</h5></a>

If you are going to reinstall Java, you don't need to uninstall Java Plug-in. Just use the <b>-f</b> option for <b>ln</b> when creating a new <i>symbolic link</i>. <br/>
Example:
<code><b>ln -f /usr/lib/mozilla/plugins/libnpjp2.so</b></code>
<br/><br/>

If you want to completely remove Java from your Linux box, the procedure of removing the symbolic link is described below.
<ol>
<li>Open <b>Terminal Window</b></li>
<li>Log in as the <b>super user</b></li>
<li>Type: <code><b>rm /usr/lib/mozilla/plugins/libnpjp2.so</b></code></li>
<li>You will be prompted to remove symbolic link:<br/>
rm: <code><b>/usr/lib/mozilla/plugins/libnpjp2.so</b></code> ?</li>
<li>Type: <b>Y</b></li>
</ol>




			
		
			
				</span>
			
		
	
		
		
		
		
		
		
		
		
		
		
		
			
				<span class="bodytext">
			
		
				
		
			
		










<a name="jre"><h5 class="sub"> Java Uninstall</h5></a>
There are two ways to uninstall Java. Please use the method that you used when you installed Java. For example, if you used RPM to install Java, then use the RPM uninstall method.
<br/>




			
		
			
				</span>
			
		
	
		
		
		
		
		
		
		
		
		
		
		
			
				<span class="bodytext">
			
		
				
		
			
		










<br/><ul>
<li><a name="rpm"><h5 class="sub">RPM uninstall</h5></a>
<b>Note:</b> <i>If you have RPM on your Linux box, you should first find out if Java is already installed using RPM. If Java is not installed using RPM, you should skip reading.</i>

  <ol>
    <li>Open <b>Terminal Window</b></li>
    <li>Login as the <b>super user</b></li>
    <li>Try to find jre package by typing: <code><b>rpm -qa</b></code></li>
    <li>If RPM reports a package similar to <b>jre-<version>-fcs</b>, then Java is installed with RPM.<br/><br/>
<b>Note:</b> <i>Normally, you do not need to uninstall Java with RPM, because RPM is able to uninstall the old version of Java when installing a new version! You may skip reading, unless you want to remove Java permanently.</i>
    </li>
    <li>To uninstall Java, type: <code><b>rpm -e jre-<version>-fcs</b></code></li>

  </ol>
</li><a name="rpm">
</a></ul>




			
		
			
				</span>
			
		
	
		
		
		
		
		
		
		
		
		
		
		
			
				<span class="bodytext">
			
		
				
		
			
		










<ul>
<li><a name="self"><h5 class="sub">Self-extracting file uninstall</h5></a>
  <ol>
    <li>Find out if Java is installed in some folder. Common locations are <code><b>/usr/java/jre_<version></b></code> or <code><b>/opt/jre_nb/jre_<version>/bin/java/</b></code></li>
    <li>When you have located the folder, you may delete folder. <br/>
<b>Warning:</b> You should be certain that Java is not already installed using RPM before removing the folder.</li>
    <li>Type: <code><b>rm -r jre<version></b></code><br/> For example: <code><b>rm -r jre1.7.0</b></code></li>
  </ol>
</li><a name="self">
</a></ul>




			
		
			
				</span>
			
		
	
	

	 
	
		
	
	
	 	
	
	</div><!-- /jvc0w2  -->
	</div><!-- /jvc0w1 clearfix -->
		
	
	
		
		<div class="jvcs0 clearfix">
	
		
		
		
		
			 
			 
		
	
		<div class="spsidebar">	
		<div class="spheader"><a href='/en/download/help/index.xml'>Help Resources</a></div>
		<ul>
		
		
			
	      		
	   		
		        
				
				
				
					 
					 
				
				
								
				
				
					
						
							<li><a href="/en/download/help/index_installing.xml"><b>Installing Java</b></a></li>
						
						
					
				
			
		        
				
				
				
					 
					 
				
				
								
				
				
					
						
						
							<li id="olderVersions"><a href="/en/download/faq/remove_olderversions.xml">Remove Older Versions</a></li>
						
										
				
			
		        
				
				
				
					 
					 
				
				
								
				
				
					
						
						
							<li><a href="/en/download/help/disable_browser.xml">Disable Java</a></li>
						
					
				
			
		        
				
				
				
					 
					 
				
				
								
				
				
					
						
						
							<li><a href="/en/download/help/index_using.xml">Using Java</a></li>
						
					
				
			
		        
				
				
				
					 
					 
				
				
								
				
				
					
						
						
							<li><a href="/en/download/faq/index_general.xml">General Questions</a></li>
						
					
				
			
		        
				
				
				
					 
					 
				
				
								
				
				
					
						
						
							<li><a href="/en/download/faq/index_mobile.xml">Mobile Java</a></li>
						
					
				
			
		        
				
				
				
					 
					 
				
				
								
				
				
					
						
						
							<li><a href="/en/security/">Security</a></li>
						
					
				
			
		        
				
				
				
					 
					 
				
				
								
				
				
					
						
						
							<li><a href="/en/download/support.jsp">Support Options</a></li>
						
					
				
				
			
				
					
		</ul>
		</div>
		<br>
		
	
			
		
			
				
					
					
									
				 









	
		
			
				
			  	
				
					
				
			
		
		
		
			
			
			
<!-- BEGIN: jWidget_C/Raw-HTML/Display -->
 



	 
	 

<a href="http://www.prestoexperts.com/lp/java-help-3/?BanID=22489" target="_top">
	
	
	
		
		
	
	
	
	
	
	
	
	

	 

	


	<img src="/ga/images/liveperson_banner170x134.jpg" alt="Find expert help on Java installation and setup"  width="170"  height="134" />
	
</a>
<br />

<!-- END: jWidget_C/Raw-HTML/Display -->

				
	
	





			
		
		
		
			
		
			
	
		</div><!--  /jvcs0 clearfix -->
		</div><!-- /jvc0 -->
		
	
	
		
		
			
	 









	
		
			
				
			  	
				
					
				
			
		
		
		
			
			
			
	<!-- BEGIN: jWidget_C/Footer/Display -->
	
	
	
	
		 
		 
	
	<div class="jvf0">
		<div class="jvf0">

<p>
<a href="/en/selectlanguage.jsp" title="Select Language">Select Language</a>
| <a href="/en/about/" title="About Java">About Java</a>
| <a href="/en/download/support.jsp" title="Support">Support</a>
| <a href="/en/download/faq/develop.xml" title="Developers">Developers</a>
| <a href="https://ora-java.custhelp.com/ci/documents/detail/5/2142/12/dc6484bd4764542e486ad251ccb32be5f2e9be23" onclick="return popFeedback('https://ora-java.custhelp.com/ci/documents/detail/5/2142/12/dc6484bd4764542e486ad251ccb32be5f2e9be23');" id="feedback-link" title="Feedback">Feedback</a>
<br />
  <a href="https://www.oracle.com/html/privacy.html" title="Privacy">Privacy</a> 
|&nbsp;<a><span id='teconsent'></span></a>&nbsp;
| <a href="https://www.oracle.com/html/terms.html" title="Terms of Use">Terms of Use</a>
| <a href="https://www.oracle.com/html/3party.html" title="Trademarks">Trademarks</a>
| <a href="/en/about/disclaimer.jsp" title="Disclaimer">Disclaimer</a>
</p>
<a href="https://www.oracle.com/" class="jvsun0">Oracle</a>
</div>

	</div>
	<!-- END: jWidget_C/Footer/Display -->

				
	
	





	
	
	
		
			<!--[if gte IE 6]><!-->
			<script src="/ga/js/global.js" type="text/javascript" charset="utf-8"></script>
			<!-- <![endif]-->
			
			
		
	
	
	
		
		
			
				
			
			
		
		<script language="JavaScript">
		<!--
			var s_channel="javac:Support:Help";
			var s_pageName="javac:Support:Help:linux_uninstall.xml";
			var s_prop19="en_javac:Support:Help:linux_uninstall.xml";
			var s_charSet="UTF-8";
		//-->
		</script>
		<script language="JavaScript" src="/ga/js/s_code_remote.js"></script>
		<script>
			userAgent = navigator.userAgent;
			userAgent = userAgent == null ? "" : userAgent.toLowerCase();
			
			if (userAgent.indexOf('mac') != -1){
				document.getElementById("olderVersions").style.display = "none"
			}
		</script>
	
		
	
</body>
</html>


