 










	
	
<!DOCTYPE HTML PUBLIC "-//W3C//DTD HTML 4.01 Transitional//EN" "http://www.w3.org/TR/html4/loose.dtd">
<html lang="en-US" xml:lang="en-US">
<head>
<meta http-equiv="content-type" content="text/html; charset=UTF-8"/>
<meta name="Language" content="en-US"/>
<meta name="ROBOTS" content="INDEX,FOLLOW"/>

<title>What are the system requirements for Java?</title>

	<meta name="description" content="Java System requirements for Windows, Mac OS X, Linux, and Solaris platforms"/>
	<meta name="keywords" content="system configuration, config, sys req, sysreq"/>
<meta name="date" content="2016-10-11"/>




	
		
					<meta name='oracle:JRE' content='7.0,8.0'/>
				

		<meta name="oracle:articleType" content='help'/>		
	
		<link rel="stylesheet" media="all" type="text/css" href="/ga/css/oldcss.css" />
	
		<script type="text/javascript" src="/ga/js/popUp.js"></script>
	 


<link rel="stylesheet" href="/ga/css/screen.css" type="text/css" media="screen" charset="utf-8"/>
<link rel="stylesheet" href="/ga/css/print.css" type="text/css" media="print" charset="utf-8"/>
	<script async="async" type="text/javascript" src='//consent.trustarc.com/notice?domain=oracle.com&c=teconsent&js=bb&noticeType=bb&text=true&gtm=1&language=en' crossorigin=""></script>
	
	<style type="text/css">
  		#teconsent a {
  			text-decoration: underline;
  		}
  
  		#teconsent a:hover {
  			text-decoration: none;
  		}
	</style>
	
	<script async src="https://dyn-beacon.akamaized.net/js/dyn.beacon.v4.js" id="beaconcfg" data-id='0138'></script>
	
</head>




	 
	






	










	

 







	 
	




<body>
	<a name="top"></a>
	

			
		
 
		
			
			
			
		 









	
		
			
				
			  	
				
					
				
			
		
		
		
			
			
			
	<!-- BEGIN: jWidget_C/Header/Display -->
	
	
	
	
		 
		 
	
	
		
	
	<div class="jvh0">
		<a class="jvl0" href="/en/" title="java.com">Java.com</a>
<p>
<a href="/inc/BrowserRedirect1.jsp?locale=en">Download</a>
<a href="/en/download/help/">Help</a>
</p>

<form name="searchForm" method="get" action="https://www.oracle.com/search/results" accept-charset="utf-8" class="jvs0 jv0sv0" onsubmit="if((document.searchForm.Ntt.value == document.searchForm.Ntt.defaultValue) || (document.searchForm.Ntt.value == '')){return false;}">
<input type="hidden" name="cat" value="javacom">
<input type="hidden" name="Ntk" value="SI-ALL5">
<input type="hidden" name="lang" value="en">
<input class="bodytext" maxlength="55" name="Ntt" onfocus="if( this.value==this.defaultValue ) this.value='';" onblur="if( this.value=='' ) this.value=this.defaultValue;" size="20" title="Search" type="text" value="Search" />
<input alt="Search" id="searchbtn" name="submit" src="/ga/images/jv0_search_btn.gif" type="image" />
</form>
	</div>
	<!-- END: jWidget_C/Header/Display -->

				
	
	





	
			
	

	
	
	
	
	
	
	
	

	
	<div class="jvc0 jvc0v0 clearfix">
		
	<div class="jvc0w1 clearfix">
	    <div style="float: right;"> 
        	<a title='Printable Version' href="?printFriendly=true" 
           target="printFriendlyView" onclick="openPopup('','printFriendlyView',800,650,'no',1,1,0,0,0,0); return true;"> 
           <img src="/ga/im/printer.png" width="15" height="14" alt='Printable Version' class="pfv"> </a> 
    	</div> 		
	
		
	<div class="jvc0w2">	
	<h3><b>What are the system requirements for Java?
    </b></h3>
	
		
	
	
	

	

	
		<hr />
		This article applies to:
		<ul>
			
				
			
			
				
			 
			
				
					<li><b>Java version(s): </b>7.0, 8.0
					</li>
				
				
		</ul>
		<hr />
	
	
		
	
	
		
		
		
		
		
		
		
		
		
		
		
			
				<span class="bodytext">
			
		
				
		
			
		










<p>
The system requirements information on this page represents a subset to provide overview of supported browsers and operating systems.  
</p>




			
		
			
				</span>
			
		
	
		
		
		
		
		
		
		
		
		
		
		
			
				<span class="bodytext">
			
		
				
		
			
		










<h4>Java 8 System Requirements</h4>
<p>
Detailed information on system requirements for Java 8 are available at <a href="http://www.oracle.com/technetwork/java/javase/certconfig-2095354.html">Java 8 Supported System Configurations.</a>
</p>




			
		
			
				</span>
			
		
	
		
		
		
		
		
		
		
		
		
		
		
			
				<span class="bodytext">
			
		
				
		
			
		










<h4 class="sub">Windows</h4>
<ul>
<li>Windows 10 (8u51 and above)</li>
<li>Windows 8.x (Desktop)</li>
<li>Windows 7 SP1</li>
<li>Windows Vista SP2</li>
<li>Windows Server 2008 R2 SP1 (64-bit)</li>
<li>Windows Server 2012 and 2012 R2 (64-bit)</li>
<li>RAM: 128 MB</li>
<li>Disk space: 124 MB for JRE; 2 MB for Java Update</li>
<li>Processor: Minimum Pentium 2 266 MHz processor</li>
<li>Browsers: Internet Explorer 9 and above, Firefox</li>
</ul>




			
		
			
				</span>
			
		
	
		
		
		
		
		
		
		
		
		
		
		
			
				<span class="bodytext">
			
		
				
		
			
		










<h4 class="sub">Mac OS X</h4>
<ul>
<li>Intel-based Mac running Mac OS X 10.8.3+, 10.9+</li>
<li>Administrator privileges for installation</li>
<li>64-bit browser</li>
</ul>




			
		
			
				</span>
			
		
	
		
		
		
		
		
		
		
		
		
		
		
			
				<span class="bodytext">
			
		
				
		
			
		










 









	
		
			
				
			  	
				
					
				
			
		
		
		
			
			
			
<!-- BEGIN: jWidget_C/Raw-HTML/Display -->
 



	 
	 

A 64-bit browser (Safari, for example) is required to run Oracle Java on Mac. 
<br /><br />
<!-- END: jWidget_C/Raw-HTML/Display -->

				
	
	





<br />




			
		
			
				</span>
			
		
	
		
		
		
		
		
		
		
		
		
		
		
			
				<span class="bodytext">
			
		
				
		
			
		










<h4 class="sub">Linux</h4>
<ul>
<li>Oracle Linux 5.5+<sup>1</sup></li>
<li>Oracle Linux 6.x (32-bit), 6.x (64-bit)<sup>2</sup></li>
<li>Oracle Linux 7.x (64-bit)<sup>2</sup> (8u20 and above)</li>
<li>Red Hat Enterprise Linux 5.5+<sup>1</sup>, 6.x (32-bit), 6.x (64-bit)<sup>2</sup></li>
<li>Red Hat Enterprise Linux 7.x (64-bit)<sup>2</sup> (8u20 and above)</li>
<li>Suse Linux Enterprise Server 10 SP2+, 11.x</li>
<li>Suse Linux Enterprise Server 12.x (64-bit)<sup>2</sup> (8u31 and above)</li>
<li>Ubuntu Linux 12.04 LTS, 13.x</li>
<li>Ubuntu Linux 14.x (8u25 and above)<br></li>
<li>Ubuntu Linux 15.04 (8u45 and above)<br></li>
<li>Ubuntu Linux 15.10 (8u65 and above)<br></li>
<li>Browsers: Firefox</li>
</ul>




			
		
			
				</span>
			
		
	
		
		
		
		
		
		
		
		
		
		
		
			
				<span class="bodytext">
			
		
				
		
			
		










 









	
		
			
				
			  	
				
					
				
			
		
		
		
			
			
			
<!-- BEGIN: jWidget_C/Raw-HTML/Display -->
 



	 
	 

<h5 class="sub">Solaris System Requirements</h5>
<p>
See supported <a href="http://www.oracle.com/technetwork/java/javase/certconfig-2095354.html">Java 8 System Configurations</a> for information about supported platforms, operating systems, desktop managers, and browsers.
</p>
<!-- END: jWidget_C/Raw-HTML/Display -->

				
	
	





<br />




			
		
			
				</span>
			
		
	
		
		
		
		
		
		
		
		
		
		
		
			
		
				
		
			
		










<!-- no bodytext --><hr/>




			
		
			
		
	
		
		
		
		
		
		
		
		
		
		
		
			
				<span class="bodytext">
			
		
				
		
			
		










<h4><a name="jre7">Java 7 System Requirements</a></h4>

<p>Detailed information on Java 7 system requirements are available at <a href="http://www.oracle.com/technetwork/java/javase/config-417990.html">Java 7 Supported System Configurations.</a>
</p>




			
		
			
				</span>
			
		
	
		
		
		
		
		
		
		
		
		
		
		
			
				<span class="bodytext">
			
		
				
		
			
		










<h4 class="sub">Windows</h4>
<ul>
<li>Windows 10 (7u85 and above)</li>
<li>Windows 8.x (Desktop)</li>
<li>Windows 7 SP1</li>
<li>Windows Vista SP2</li>
<li>Windows Server 2008 SP2 and 2008 R2 SP1 (64-bit)<br/></li>
<li>Windows Server 2012 (64-bit) and 2012 R2 (64-bit)<br/></li>
<li>RAM: 128 MB; 64 MB for Windows XP (32-bit)</li>
<li>Disk space: 124 MB</li>
<li>Browsers: Internet Explorer 7.0 and above, Firefox 3.6 and above</li>
</ul>




			
		
			
				</span>
			
		
	
		
		
		
		
		
		
		
		
		
		
		
			
				<span class="bodytext">
			
		
				
		
			
		










<p>
<strong>Note:</strong> As of April 8, 2014 Microsoft stopped supporting Windows XP and therefore it is no longer an officially supported platform. Users may still continue to use Java 7 updates on Windows XP at their own risk, but support will only be provided against Microsoft Windows releases Windows Vista or later. See <a href="http://www.oracle.com/us/support/library/057419.pdf">Third Party Vendor-Specific Support Terms on Oracle Software Technical Support Policies</a> (pdf) for details.
</p>




			
		
			
				</span>
			
		
	
		
		
		
		
		
		
		
		
		
		
		
			
				<span class="bodytext">
			
		
				
		
			
		










<h4 class="sub">Mac OS X</h4>
<ul>
<li>Intel-based Mac running Mac OS X 10.7.3 (Lion) or later.</li>
<li>Administrator privileges for installation</li>
<li>64-bit browser</li>
</ul>




			
		
			
				</span>
			
		
	
		
		
		
		
		
		
		
		
		
		
		
			
				<span class="bodytext">
			
		
				
		
			
		










 









	
		
			
				
			  	
				
					
				
			
		
		
		
			
			
			
<!-- BEGIN: jWidget_C/Raw-HTML/Display -->
 



	 
	 

A 64-bit browser (Safari, for example) is required to run Oracle Java on Mac. 
<br /><br />
<!-- END: jWidget_C/Raw-HTML/Display -->

				
	
	





<br />




			
		
			
				</span>
			
		
	
		
		
		
		
		
		
		
		
		
		
		
			
				<span class="bodytext">
			
		
				
		
			
		










<h4 class="sub">Linux</h4>
<ul>
<li>Oracle Linux 5.5+</li>
<li>Oracle Linux 6.x (32-bit), 6.x (64-bit)<sup>3</sup></li>
<li>Oracle Linux 7.x (64-bit)<sup>3</sup> (7u67 and above)</li>
<li>Red Hat Enterprise Linux 5.5+, 6.x (32-bit), 6.x (64-bit)<sup>3</sup></li>
<li>Red Hat Enterprise Linux 7.x (64-bit)<sup>3</sup> (7u67 and above)</li>
<li>Suse Linux Enterprise Server 10 SP2, 11.x</li>
<li>Suse Linux Enterprise Server 12.x (7u75 and above)</li>
<li>Ubuntu Linux 10.04 and above<br></li>
<li>Browsers: Firefox 3.6 and above</li>
</ul>




			
		
			
				</span>
			
		
	
		
		
		
		
		
		
		
		
		
		
		
			
				<span class="bodytext">
			
		
				
		
			
		










<h5 class="sub">Solaris System Requirements</h5>
<p>
See supported <a href="http://www.oracle.com/technetwork/java/javase/config-417990.html">Java 7 System Configurations</a> for information about supported platforms, operating systems, desktop managers, and browsers.
</p>




			
		
			
				</span>
			
		
	
		
		
		
		
		
		
		
		
		
		
		
			
		
				
		
			
		










<!-- no bodytext --><hr/>




			
		
			
		
	
		
		
		
		
		
		
		
		
		
		
		
			
				<span class="bodytext">
			
		
				
		
			
		










<h5>Notes</h5>

<p>
<sup>1</sup> No JavaFX support
<br>
<sup>2</sup> Only 64-bit JRE is supported
<br>
<sup>3</sup> Only 64-bit JVM is certified.
</p><br>




			
		
			
				</span>
			
		
	
	

	 
	
		
	
	
	 	
	
	</div><!-- /jvc0w2  -->
	</div><!-- /jvc0w1 clearfix -->
		
	
	
		
		<div class="jvcs0 clearfix">
	
		
		
		
		
			 
			 
		
	
		<div class="spsidebar">	
		<div class="spheader"><a href='/en/download/help/index.xml'>Help Resources</a></div>
		<ul>
		
		
			
	      		
	   		
		        
				
				
				
					 
					 
				
				
								
				
				
					
						
							<li><a href="/en/download/help/index_installing.xml"><b>Installing Java</b></a></li>
						
						
					
				
			
		        
				
				
				
					 
					 
				
				
								
				
				
					
						
						
							<li id="olderVersions"><a href="/en/download/faq/remove_olderversions.xml">Remove Older Versions</a></li>
						
										
				
			
		        
				
				
				
					 
					 
				
				
								
				
				
					
						
						
							<li><a href="/en/download/help/disable_browser.xml">Disable Java</a></li>
						
					
				
			
		        
				
				
				
					 
					 
				
				
								
				
				
					
						
						
							<li><a href="/en/download/help/index_using.xml">Using Java</a></li>
						
					
				
			
		        
				
				
				
					 
					 
				
				
								
				
				
					
						
						
							<li><a href="/en/download/faq/index_general.xml">General Questions</a></li>
						
					
				
			
		        
				
				
				
					 
					 
				
				
								
				
				
					
						
						
							<li><a href="/en/download/faq/index_mobile.xml">Mobile Java</a></li>
						
					
				
			
		        
				
				
				
					 
					 
				
				
								
				
				
					
						
						
							<li><a href="/en/security/">Security</a></li>
						
					
				
			
		        
				
				
				
					 
					 
				
				
								
				
				
					
						
						
							<li><a href="/en/download/support.jsp">Support Options</a></li>
						
					
				
				
			
				
					
		</ul>
		</div>
		<br>
		
	
			
		
			
				
					
					
									
				 









	
		
			
				
			  	
				
					
				
			
		
		
		
			
			
			
<!-- BEGIN: jWidget_C/Raw-HTML/Display -->
 



	 
	 

<a href="http://www.prestoexperts.com/lp/java-help-3/?BanID=22489" target="_top">
	
	
	
		
		
	
	
	
	
	
	
	
	

	 

	


	<img src="/ga/images/liveperson_banner170x134.jpg" alt="Find expert help on Java installation and setup"  width="170"  height="134" />
	
</a>
<br />

<!-- END: jWidget_C/Raw-HTML/Display -->

				
	
	





			
		
		
		
			
		
			
	
		</div><!--  /jvcs0 clearfix -->
		</div><!-- /jvc0 -->
		
	
	
		
		
			
	 









	
		
			
				
			  	
				
					
				
			
		
		
		
			
			
			
	<!-- BEGIN: jWidget_C/Footer/Display -->
	
	
	
	
		 
		 
	
	<div class="jvf0">
		<div class="jvf0">

<p>
<a href="/en/selectlanguage.jsp" title="Select Language">Select Language</a>
| <a href="/en/about/" title="About Java">About Java</a>
| <a href="/en/download/support.jsp" title="Support">Support</a>
| <a href="/en/download/faq/develop.xml" title="Developers">Developers</a>
| <a href="https://ora-java.custhelp.com/ci/documents/detail/5/2142/12/dc6484bd4764542e486ad251ccb32be5f2e9be23" onclick="return popFeedback('https://ora-java.custhelp.com/ci/documents/detail/5/2142/12/dc6484bd4764542e486ad251ccb32be5f2e9be23');" id="feedback-link" title="Feedback">Feedback</a>
<br />
  <a href="https://www.oracle.com/html/privacy.html" title="Privacy">Privacy</a> 
|&nbsp;<a><span id='teconsent'></span></a>&nbsp;
| <a href="https://www.oracle.com/html/terms.html" title="Terms of Use">Terms of Use</a>
| <a href="https://www.oracle.com/html/3party.html" title="Trademarks">Trademarks</a>
| <a href="/en/about/disclaimer.jsp" title="Disclaimer">Disclaimer</a>
</p>
<a href="https://www.oracle.com/" class="jvsun0">Oracle</a>
</div>

	</div>
	<!-- END: jWidget_C/Footer/Display -->

				
	
	





	
	
	
		
			<!--[if gte IE 6]><!-->
			<script src="/ga/js/global.js" type="text/javascript" charset="utf-8"></script>
			<!-- <![endif]-->
			
			
		
	
	
	
		
		
			
				
			
			
		
		<script language="JavaScript">
		<!--
			var s_channel="javac:Support:Help";
			var s_pageName="javac:Support:Help:sysreq.xml";
			var s_prop19="en_javac:Support:Help:sysreq.xml";
			var s_charSet="UTF-8";
		//-->
		</script>
		<script language="JavaScript" src="/ga/js/s_code_remote.js"></script>
		<script>
			userAgent = navigator.userAgent;
			userAgent = userAgent == null ? "" : userAgent.toLowerCase();
			
			if (userAgent.indexOf('mac') != -1){
				document.getElementById("olderVersions").style.display = "none"
			}
		</script>
	
		
	
</body>
</html>


