 










	
	
<!DOCTYPE HTML PUBLIC "-//W3C//DTD HTML 4.01 Transitional//EN" "http://www.w3.org/TR/html4/loose.dtd">
<html lang="en-US" xml:lang="en-US">
<head>
<meta http-equiv="content-type" content="text/html; charset=UTF-8"/>
<meta name="Language" content="en-US"/>
<meta name="ROBOTS" content="INDEX,FOLLOW"/>

<title>Various security dialogs for expired certificate applications</title>

	<meta name="description" content=""/>
	<meta name="keywords" content=""/>
<meta name="date" content="2014-10-09"/>




	
		
					<meta name='oracle:JRE' content='7.0,8.0'/>
				

		<meta name="oracle:articleType" content='help'/>		
	
		<link rel="stylesheet" media="all" type="text/css" href="/ga/css/oldcss.css" />
	
		<script type="text/javascript" src="/ga/js/popUp.js"></script>
	 


<link rel="stylesheet" href="/ga/css/screen.css" type="text/css" media="screen" charset="utf-8"/>
<link rel="stylesheet" href="/ga/css/print.css" type="text/css" media="print" charset="utf-8"/>
	<script async="async" type="text/javascript" src='//consent.trustarc.com/notice?domain=oracle.com&c=teconsent&js=bb&noticeType=bb&text=true&gtm=1&language=en' crossorigin=""></script>
	
	<style type="text/css">
  		#teconsent a {
  			text-decoration: underline;
  		}
  
  		#teconsent a:hover {
  			text-decoration: none;
  		}
	</style>
	
	<script async src="https://dyn-beacon.akamaized.net/js/dyn.beacon.v4.js" id="beaconcfg" data-id='0138'></script>
	
</head>




	 
	






	










	

 







	 
	




<body>
	<a name="top"></a>
	

			
		
 
		
			
			
			
		 









	
		
			
				
			  	
				
					
				
			
		
		
		
			
			
			
	<!-- BEGIN: jWidget_C/Header/Display -->
	
	
	
	
		 
		 
	
	
		
	
	<div class="jvh0">
		<a class="jvl0" href="/en/" title="java.com">Java.com</a>
<p>
<a href="/inc/BrowserRedirect1.jsp?locale=en">Download</a>
<a href="/en/download/help/">Help</a>
</p>

<form name="searchForm" method="get" action="https://www.oracle.com/search/results" accept-charset="utf-8" class="jvs0 jv0sv0" onsubmit="if((document.searchForm.Ntt.value == document.searchForm.Ntt.defaultValue) || (document.searchForm.Ntt.value == '')){return false;}">
<input type="hidden" name="cat" value="javacom">
<input type="hidden" name="Ntk" value="SI-ALL5">
<input type="hidden" name="lang" value="en">
<input class="bodytext" maxlength="55" name="Ntt" onfocus="if( this.value==this.defaultValue ) this.value='';" onblur="if( this.value=='' ) this.value=this.defaultValue;" size="20" title="Search" type="text" value="Search" />
<input alt="Search" id="searchbtn" name="submit" src="/ga/images/jv0_search_btn.gif" type="image" />
</form>
	</div>
	<!-- END: jWidget_C/Header/Display -->

				
	
	





	
			
	

	
	
	
	
	
	
	
	

	
	<div class="jvc0 jvc0v0 clearfix">
		
	<div class="jvc0w1 clearfix">
	    <div style="float: right;"> 
        	<a title='Printable Version' href="?printFriendly=true" 
           target="printFriendlyView" onclick="openPopup('','printFriendlyView',800,650,'no',1,1,0,0,0,0); return true;"> 
           <img src="/ga/im/printer.png" width="15" height="14" alt='Printable Version' class="pfv"> </a> 
    	</div> 		
	
		
	<div class="jvc0w2">	
	<h3><b>
        What other dialogs are displayed while running applications with the expired certificate?
    </b></h3>
	
		
	
	
	

	

	
		<hr />
		This article applies to:
		<ul>
			
				
			
			
				
			 
			
				
					<li><b>Java version(s): </b>7.0, 8.0
					</li>
				
				
		</ul>
		<hr />
	
	
		
	
	
		
		
		
		
		
		
		
		
		
		
		
			
				<span class="bodytext">
			
		
				
		
			
		










Java Version 7 Update 45 includes security enhancements for execution of Java applications. This page describes variations of the dialog for Java applications with a certificate from a trusted authority. 
<br/><br/>

<h4 class="sub">Security Dialog for missing permission attribute in JAR file </h4>
The notice in the dialog is presented because the publisher has not set permissions attribute in the JAR file.<br/><br/>
<img alt="Trusted application with expired certificate but missing permission" class="ctralign" src="/ga/images/en/trusted_expired_permission.jpg"/>
<br/>
<b>What to look for</b>:
<ul>
<li>Yellow notice in the dialog:<br/>
<div class="alertPanel">
This application will be blocked in a future Java security update because the JAR file manifest does not contain the Permissions attribute. Please contact the Publisher for more Information.
</div></li>
<li>Message about expired certificate: <b>The certificate used to identify this application has expired.</b></li>
</ul>
<b>What to do</b>:
<ul>
<li>As an end user you may choose to notify the publisher that you are seeing this notice while running the application.</li>
<li>As the certificate associated with application has been expired, only run the application if you trust the publisher.</li>
</ul>
<hr/>
<h4 class="sub">Security Dialog with missing application name</h4>
The dialog is presented because the publisher did not provide the name of the application in a secure mechanism.
<br/><br/>
<b>What to look for</b>:
<ul>
<li> The application is not displaying Application name.</li>
<li> Message about expired certificate.</li>
<li>Optionally application might display yellow notice about missing Permission attribute in the JAR file. </li>
</ul>
<img alt="Trusted application with expired certificate but missing application name" class="ctralign" src="/ga/images/en/trusted_expired_noname.jpg"/>
<br/>
<b>What to do</b>:
<ul>
<li>Only run this application if you trust the publisher and the website location information displayed in this dialog.</li>
<li>If you see the yellow notice, you may choose to notify the publisher.</li>
</ul>
<hr/>
<h4 class="sub">Security Dialog displaying multiple locations </h4>
The dialog is presented because the publisher has hosted the application on multiple locations. 
<br/><br/>
<b>What to look for</b>:
<ul>
<li> The Application displaying multiple locations.</li>
<li> Message about expired certificate.</li>
<li>Optionally application might display yellow notice about missing Permission attribute in the JAR file. </li>
</ul>
<img alt="Trusted application with expired certificate but displaying multiple locations" class="ctralign" src="/ga/images/en/trusted_expired_multilocation.jpg"/> <b>What to do</b>:
<ul>
<li>Only run this application if you trust the publisher and each of the locations.</li>
</ul>






			
		
			
				</span>
			
		
	
	

	 
	
		
	
	
		<hr>
		<p><b>You might also be interested in:</b></p>
		<ul class="bluearrows">
			
		        
		        
		         
				<li>
					



	
	
	
		
		
	<!--  Begin /jArticle_C/Render-Link.jsp -->
	
	
	
    
	
	
	
		 
		 
	
	<a href='/en/download/help/appsecuritydialogs.xml'>What should I do when I see a security prompt from Java?</a>
	<!--  End /jArticle_C/Render-Link.jsp -->

	
	
	

				</li>
				
		</ul>
		<br/><br/>
	
	 	
	
	</div><!-- /jvc0w2  -->
	</div><!-- /jvc0w1 clearfix -->
		
	
	
		
		<div class="jvcs0 clearfix">
	
		
		
		
		
			 
			 
		
	
		<div class="spsidebar">	
		<div class="spheader"><a href='/en/download/help/index.xml'>Help Resources</a></div>
		<ul>
		
		
			
	      		
	   		
		        
				
				
				
					 
					 
				
				
								
				
				
					
						
						
							<li><a href="/en/download/help/index_installing.xml">Installing Java</a></li>
						
					
				
			
		        
				
				
				
					 
					 
				
				
								
				
				
					
						
						
							<li id="olderVersions"><a href="/en/download/faq/remove_olderversions.xml">Remove Older Versions</a></li>
						
										
				
			
		        
				
				
				
					 
					 
				
				
								
				
				
					
						
						
							<li><a href="/en/download/help/disable_browser.xml">Disable Java</a></li>
						
					
				
			
		        
				
				
				
					 
					 
				
				
								
				
				
					
						
							<li><a href="/en/download/help/index_using.xml"><b>Using Java</b></a></li>
						
						
					
				
			
		        
				
				
				
					 
					 
				
				
								
				
				
					
						
						
							<li><a href="/en/download/faq/index_general.xml">General Questions</a></li>
						
					
				
			
		        
				
				
				
					 
					 
				
				
								
				
				
					
						
						
							<li><a href="/en/download/faq/index_mobile.xml">Mobile Java</a></li>
						
					
				
			
		        
				
				
				
					 
					 
				
				
								
				
				
					
						
						
							<li><a href="/en/security/">Security</a></li>
						
					
				
			
		        
				
				
				
					 
					 
				
				
								
				
				
					
						
						
							<li><a href="/en/download/support.jsp">Support Options</a></li>
						
					
				
				
			
				
					
		</ul>
		</div>
		<br>
		
	
			
		
			
				
					
					
									
				 









	
		
			
				
			  	
				
					
				
			
		
		
		
			
			
			
<!-- BEGIN: jWidget_C/Raw-HTML/Display -->
 



	 
	 

<a href="http://www.prestoexperts.com/lp/java-help-3/?BanID=22489" target="_top">
	
	
	
		
		
	
	
	
	
	
	
	
	

	 

	


	<img src="/ga/images/liveperson_banner170x134.jpg" alt="Find expert help on Java installation and setup"  width="170"  height="134" />
	
</a>
<br />

<!-- END: jWidget_C/Raw-HTML/Display -->

				
	
	





			
		
		
		
			
		
			
	
		</div><!--  /jvcs0 clearfix -->
		</div><!-- /jvc0 -->
		
	
	
		
		
			
	 









	
		
			
				
			  	
				
					
				
			
		
		
		
			
			
			
	<!-- BEGIN: jWidget_C/Footer/Display -->
	
	
	
	
		 
		 
	
	<div class="jvf0">
		<div class="jvf0">

<p>
<a href="/en/selectlanguage.jsp" title="Select Language">Select Language</a>
| <a href="/en/about/" title="About Java">About Java</a>
| <a href="/en/download/support.jsp" title="Support">Support</a>
| <a href="/en/download/faq/develop.xml" title="Developers">Developers</a>
| <a href="https://ora-java.custhelp.com/ci/documents/detail/5/2142/12/dc6484bd4764542e486ad251ccb32be5f2e9be23" onclick="return popFeedback('https://ora-java.custhelp.com/ci/documents/detail/5/2142/12/dc6484bd4764542e486ad251ccb32be5f2e9be23');" id="feedback-link" title="Feedback">Feedback</a>
<br />
  <a href="https://www.oracle.com/html/privacy.html" title="Privacy">Privacy</a> 
|&nbsp;<a><span id='teconsent'></span></a>&nbsp;
| <a href="https://www.oracle.com/html/terms.html" title="Terms of Use">Terms of Use</a>
| <a href="https://www.oracle.com/html/3party.html" title="Trademarks">Trademarks</a>
| <a href="/en/about/disclaimer.jsp" title="Disclaimer">Disclaimer</a>
</p>
<a href="https://www.oracle.com/" class="jvsun0">Oracle</a>
</div>

	</div>
	<!-- END: jWidget_C/Footer/Display -->

				
	
	





	
	
	
		
			<!--[if gte IE 6]><!-->
			<script src="/ga/js/global.js" type="text/javascript" charset="utf-8"></script>
			<!-- <![endif]-->
			
			
		
	
	
	
		
		
			
				
			
			
		
		<script language="JavaScript">
		<!--
			var s_channel="javac:Support:Help";
			var s_pageName="javac:Support:Help:trusted_expired_variations.xml";
			var s_prop19="en_javac:Support:Help:trusted_expired_variations.xml";
			var s_charSet="UTF-8";
		//-->
		</script>
		<script language="JavaScript" src="/ga/js/s_code_remote.js"></script>
		<script>
			userAgent = navigator.userAgent;
			userAgent = userAgent == null ? "" : userAgent.toLowerCase();
			
			if (userAgent.indexOf('mac') != -1){
				document.getElementById("olderVersions").style.display = "none"
			}
		</script>
	
		
	
</body>
</html>


